Name,Gender,LastLetter,LastTwoLetter,FirstLetter
Ashutosh,1,h,sh,A
Meghamala,2,a,la,M
Sahib,1,b,ib,S
Pragya,2,a,ya,P
Kranti,2,i,ti,K
Tulika,2,a,ka,T
Aarushi,2,i,hi,A
Abhicandra,1,a,ra,A
Pratigya,2,a,ya,P
Devak,1,k,ak,D
Kashiprasad,1,d,ad,K
Madhavi,2,i,vi,M
Charusila,2,a,la,C
Chithayu,1,u,yu,C
Manmayi,2,i,yi,M
Mahajabeen,2,n,en,M
Krishnakumar,1,r,ar,K
Kailas,1,s,as,K
Nidhyathi,2,i,hi,N
Nainika,2,a,ka,N
Madirakshi,2,i,hi,M
Adil,1,l,il,A
Devadyumna,1,a,na,D
Harijatha,2,a,ha,H
Rupal,2,l,al,R
Eka,2,a,ka,E
Ilampirai,2,i,ai,I
Soham,1,m,am,S
Acalapati,1,i,ti,A
Naveen,1,n,en,N
Jalendu,1,u,du,J
Shrivalli,2,i,li,S
Wajeeh,1,h,eh,W
Kumar,1,r,ar,K
Sudhan,1,n,an,S
Ilanthirayan,1,n,an,I
Agneya,1,a,ya,A
Oma,2,a,ma,O
Kali,2,i,li,K
Ajaatshatru,1,u,ru,A
Rishabh,1,h,bh,R
Hariraj,1,j,aj,H
Abhay,1,y,ay,A
Gudiya,2,a,ya,G
Neelabja,2,a,ja,N
Punit,1,t,it,P
Soumil,1,l,il,S
Sarbani,2,i,ni,S
Sharvani,2,i,ni,S
Tripuri,2,i,ri,T
Punita,1,a,ta,P
Shandar,1,r,ar,S
Naisha,2,a,ha,N
Danvir,1,r,ir,D
Suday,1,y,ay,S
Sonika,2,a,ka,S
Mrudu,2,u,du,M
Ramavatar,1,r,ar,R
Puji,2,i,ji,P
Radhakrishna,1,a,na,R
Jaspal,1,l,al,J
Dhruv,1,v,uv,D
Ketan,1,n,an,K
Prama,2,a,ma,P
Mannan,1,n,an,M
Kunjabihari,1,i,ri,K
Chitrarath,1,h,th,C
Ranjini,2,i,ni,R
Tarika,2,a,ka,T
Thirumal,1,l,al,T
Muralidhar,1,r,ar,M
Muhilan,1,n,an,M
Adrika,2,a,ka,A
Arghya,1,a,ya,A
Tarak,1,k,ak,T
Suhrit,1,t,it,S
Sunetra,2,a,ra,S
Jehangir,1,r,ir,J
Anshu,1,u,hu,A
Chakrika,2,a,ka,C
Harmya,2,a,ya,H
Sarjana,2,a,na,S
Khushboo,2,o,oo,K
Ambalika,2,a,ka,A
Rashmika,2,a,ka,R
Ayeh,2,h,eh,A
Dasharath,1,h,th,D
Jagachandra,1,a,ra,J
Irshaad,1,d,ad,I
Ritu,2,u,tu,R
Subramani,1,i,ni,S
Charvi,2,i,vi,C
Purushottam,1,m,am,P
Nithilam,2,m,am,N
Vedavrata,1,a,ta,V
Jagadayu,1,u,yu,J
Durga,2,a,ga,D
Ekalavya,1,a,ya,E
Dyumna,2,a,na,D
Sampriti,2,i,ti,S
Chitrarekha,2,a,ha,C
Pari,2,i,ri,P
Rajashri,2,i,ri,R
Kushik,1,k,ik,K
Chumban,2,n,an,C
Ankush,1,h,sh,A
Sunayani,2,i,ni,S
Deshna,2,a,na,D
Tanuja,2,a,ja,T
Nauka,2,a,ka,N
Tarunika,2,a,ka,T
Kalash,1,h,sh,K
Krishi,2,i,hi,K
Shrikirti,2,i,ti,S
Kartikeya,1,a,ya,K
Bulbul,2,l,ul,B
Lingappan,1,n,an,L
Adhik,1,k,ik,A
Saranya,2,a,ya,S
Rambha,2,a,ha,R
Anumati,2,i,ti,A
Sanjiv,1,v,iv,S
Umrao,2,o,ao,U
Baidehi,2,i,hi,B
Aadarsh,1,h,sh,A
Ganjan,1,n,an,G
Devadarshan,1,n,an,D
Kalyani,2,i,ni,K
Malaya,1,a,ya,M
Ganesh,1,h,sh,G
Farha,2,a,ha,F
Adesh,1,h,sh,A
Pritika,2,a,ka,P
Alagan,1,n,an,A
Shridevi,2,i,vi,S
Deepinder,1,r,er,D
Gunitha,2,a,ha,G
Chanchari,2,i,ri,C
Shabab,2,b,ab,S
Adya,2,a,ya,A
Prapti,2,i,ti,P
Nagasri,2,i,ri,N
Gandharaj,1,j,aj,G
Kilimoli,2,i,li,K
Yatisa,1,a,sa,Y
Sujata,2,a,ta,S
Prasana,2,a,na,P
Kovida,1,a,da,K
Chandani,2,i,ni,C
Sabhya,1,a,ya,S
Archita,2,a,ta,A
Sarwar,1,r,ar,S
Madhukar,1,r,ar,M
Ramswaroop,1,p,op,R
Uday,1,y,ay,U
"Farukh, Farokh",1,h,kh,F
Angana,2,a,na,A
Kamitha,2,a,ha,K
Brijabala,2,a,la,B
Lalita,2,a,ta,L
Vanca,2,a,ca,V
Gambheer,1,r,er,G
Anhithi,2,i,hi,A
Mehul,2,l,ul,M
Vijeta,2,a,ta,V
Prashansa,2,a,sa,P
Vanajaksi,2,i,si,V
Chandrakin,2,n,in,C
Kshiti,2,i,ti,K
Sanemi,2,i,mi,S
Swadhinta,2,a,ta,S
Mrigankamouli,1,i,li,M
Sneha,2,a,ha,S
Kimaya,2,a,ya,K
Teertha,2,a,ha,T
Amar,1,r,ar,A
Kala,2,a,la,K
Priya,1,a,ya,P
Abja,2,a,ja,A
Niharika,2,a,ka,N
Seemanti,2,i,ti,S
Kalyan,1,n,an,K
Nikhat,1,t,at,N
Rajanikanta,1,a,ta,R
Namacharya,1,a,ya,N
Giridari,1,i,ri,G
Jag,1,g,ag,J
Bibek,1,k,ek,B
Chatura,2,a,ra,C
Trailokva,1,a,va,T
Naresh,1,h,sh,N
Acchindra,1,a,ra,A
Fajyaz,2,z,az,F
Labuki,2,i,ki,L
Nalika,2,a,ka,N
Ahijit,1,t,it,A
Parvani,2,i,ni,P
Ramratan,1,n,an,R
Navrang,1,g,ng,N
Krishnakanta,1,a,ta,K
Kriya,2,a,ya,K
Javed,1,d,ed,J
Dehabhuj,1,j,uj,D
Ekanjeet,1,t,et,E
Kanwaljeet,1,t,et,K
Mitravinda,2,a,da,M
Shaistakhan,1,n,an,S
Sarani,2,i,ni,S
Iravan,1,n,an,I
Sudhir,1,r,ir,S
Utanka,1,a,ka,U
Nipuna,2,a,na,N
Dhitha,2,a,ha,D
Madhu,1,u,hu,M
Nina,2,a,na,N
Rabhya,2,a,ya,R
Jalbhushan,1,n,an,J
Madangopal,1,l,al,M
Avinash,1,h,sh,A
Nirupam,1,m,am,N
Vishwanath,1,h,th,V
Amitrasudan,1,n,an,A
Jnanaprakash,1,h,sh,J
Sunasi,1,i,si,S
Avnita,2,a,ta,A
Shubhranshu,1,u,hu,S
Laksh,1,h,sh,L
Lalitkishore,1,e,re,L
Chayana,2,a,na,C
Nirvani,2,i,ni,N
Kshanika,2,a,ka,K
Sanvali,2,i,li,S
Tanay,1,y,ay,T
Nibodh,1,h,dh,N
Kokila,2,a,la,K
Chitramaya,2,a,ya,C
Elil,1,l,il,E
Suneet,1,t,et,S
Srijan,1,n,an,S
Chirag,1,g,ag,C
Chitrita,2,a,ta,C
Vineet,1,t,et,V
Harish,1,h,sh,H
Githika,2,a,ka,G
Aditi,2,i,ti,A
Kanal,1,l,al,K
Ishat,1,t,at,I
Ecchumati,2,i,ti,E
Panna,2,a,na,P
Brahmacharini,2,i,ni,B
Iham,1,m,am,I
Mehmood,1,d,od,M
Seemantini,2,i,ni,S
Shoorsen,1,n,en,S
Tirthankara,1,a,ra,T
Bhupathi,1,i,hi,B
Inbanathan,1,n,an,I
Elili,2,i,li,E
Haroon,1,n,on,H
Kalavathi,2,i,hi,K
Abdul-Hameed,1,d,ed,A
Charita,2,a,ta,C
Kotijit,1,t,it,K
Susmita,2,a,ta,S
Brinda,2,a,da,B
Daaruk,1,k,uk,D
Nilay,1,y,ay,N
Shree,2,e,ee,S
Mudra,2,a,ra,M
Gulab,2,b,ab,G
Swaraj,1,j,aj,S
Sumati,2,i,ti,S
Edhitha,2,a,ha,E
Ambuja,2,a,ja,A
Shanti,2,i,ti,S
Mehboob,1,b,ob,M
Shashanka,1,a,ka,S
Apparajito,1,o,to,A
Sharvari,2,i,ri,S
Tridhara,2,a,ra,T
Bhadra,2,a,ra,B
Vendan,1,n,an,V
Yashoda,2,a,da,Y
Hridik,1,k,ik,H
Manav,1,v,av,M
Rugu,2,u,gu,R
Padmesh,1,h,sh,P
Vikranta,1,a,ta,V
Nanak,1,k,ak,N
Indivar,1,r,ar,I
Rangana,2,a,na,R
Bahuputri,2,i,ri,B
Kumari,2,i,ri,K
Amulya,1,a,ya,A
Bijli,2,i,li,B
Shirin,2,n,in,S
Kananbala,2,a,la,K
Tunga,2,a,ga,T
Chevatkodiyon,1,n,on,C
Thamarai,2,i,ai,T
Tapani,2,i,ni,T
Neel,1,l,el,N
Mukti,2,i,ti,M
Isha,2,a,ha,I
Rampratap,1,p,ap,R
Nitya,2,a,ya,N
Jagamohana,1,a,na,J
Tukaram,1,m,am,T
Pururava,1,a,va,P
Jasapal,1,l,al,J
Archan,1,n,an,A
Priyal,2,l,al,P
Jaidhara,1,a,ra,J
Taral,1,l,al,T
Veera,1,a,ra,V
Chandraleksha,2,a,ha,C
Savanth,1,h,th,S
Jaisinha,1,a,ha,J
Ekatan,1,n,an,E
Narun,1,n,un,N
Udyam,1,m,am,U
Mareechi,1,i,hi,M
Pramada,2,a,da,P
Angad,1,d,ad,A
Sudhithi,2,i,hi,S
Irumporai,1,i,ai,I
Balgopal,1,l,al,B
Menitha,2,a,ha,M
Aiman,1,n,an,A
Gyan; Gyani,1,i,ni,G
Prathysha,2,a,ha,P
Jusal,1,l,al,J
Nimisha,2,a,ha,N
Shyam,1,m,am,S
Shubhang,1,g,ng,S
Sanjith,1,h,th,S
Jyotirmoyee,2,e,ee,J
Hiranyadha,2,a,ha,H
Logambal,2,l,al,L
Tariq,1,q,iq,T
Ziyad,1,d,ad,Z
Shubhendu,1,u,du,S
Shrenik,1,k,ik,S
Samiya,2,a,ya,S
Ramprasad,1,d,ad,R
Aravan,1,n,an,A
Chahna,2,a,na,C
Daniel,1,l,el,D
Jalindra,1,a,ra,J
Mandana,2,a,na,M
Dwij,1,j,ij,D
Govardhan,1,n,an,G
Magadhi,2,i,hi,M
Monisha,2,a,ha,M
"Shamshu, Shamshad",1,d,ad,S
Kripa,2,a,pa,K
Sanjivani,2,i,ni,S
Gauri,2,i,ri,G
Mohnish,1,h,sh,M
Parameshwari,2,i,ri,P
Shubhra,2,a,ra,S
Gatita,2,a,ta,G
Akhilesh,1,h,sh,A
Manju,2,u,ju,M
"Atul, Atulya",1,a,ya,A
Haraksa,1,a,sa,H
Harshavardhan,1,n,an,H
Dayasagara,1,a,ra,D
Kunran,1,n,an,K
Yaalchelvan,1,n,an,Y
Raivath,1,h,th,R
Sabri,2,i,ri,S
Saroj,2,j,oj,S
Haripriya,2,a,ya,H
Acaryanandana,1,a,na,A
Noopur,2,r,ur,N
Charu,1,u,ru,C
Samudrasen,1,n,en,S
Ramkumar,1,r,ar,R
Bageshri,2,i,ri,B
Sarit,2,t,it,S
"Sumeet, Sumit",1,t,it,S
Akhil,1,l,il,A
Dilber,2,r,er,D
Mekhala,2,a,la,M
Tapomay,1,y,ay,T
Harekrishna,1,a,na,H
Avani,2,i,ni,A
Atal,1,l,al,A
Sumedha,2,a,ha,S
Shalin,2,n,in,S
Nehal,2,l,al,N
Sati,2,i,ti,S
Sananda,2,a,da,S
Ikshu,2,u,hu,I
Kush,1,h,sh,K
Keyuri,2,i,ri,K
Chaitanya,2,a,ya,C
Kunshi,2,i,hi,K
Parnik,2,k,ik,P
Shrinath,1,h,th,S
Javesh,1,h,sh,J
Kalpana,2,a,na,K
Zayd,1,d,yd,Z
Sawan,1,n,an,S
Ikshitha,2,a,ha,I
Husnain,1,n,in,H
Qayyam,1,m,am,Q
Aghat,1,t,at,A
Aaratrika,2,a,ka,A
Amari,2,i,ri,A
Namrata,2,a,ta,N
Vyomaang,1,g,ng,V
Shubhankar,1,r,ar,S
Hemadri,1,i,ri,H
Rupak,1,k,ak,R
Chandramukhi,2,i,hi,C
Sadhya,2,a,ya,S
Meera,2,a,ra,M
Maaran,1,n,an,M
Chandrani,2,i,ni,C
Jairaj,1,j,aj,J
Nagendra,1,a,ra,N
Satyaki,1,i,ki,S
"Gopi, Gopika",2,a,ka,G
Acalesvara,1,a,ra,A
Akshit,1,t,it,A
Aadarshini,2,i,ni,A
Trinetra,2,a,ra,T
Iravati,2,i,ti,I
Agnikumara,1,a,ra,A
Shreyas,1,s,as,S
Dhairyash,1,h,sh,D
Jacob,1,b,ob,J
Shakyasinha,1,a,ha,S
Chanasya,2,a,ya,C
Mananya,2,a,ya,M
Deepali,2,i,li,D
Nyneishia,2,a,ia,N
Amrusha,2,a,ha,A
Pakhi,2,i,hi,P
Jahan,1,n,an,J
Kaviraj,1,j,aj,K
Achyut,1,t,ut,A
Dishen,1,n,en,D
Fadi,1,i,di,F
Sakina,2,a,na,S
Palanikumar,1,r,ar,P
Izna,2,a,na,I
Romila,2,a,la,R
Sachet,1,t,et,S
Yamini,2,i,ni,Y
Saleem,1,m,em,S
Omanand,1,d,nd,O
Ramila,2,a,la,R
Aabharana,2,a,na,A
Kaustav,1,v,av,K
Bhayanashini,2,i,ni,B
Varuna,2,a,na,V
Tuhinsurra,1,a,ra,T
Harita,2,a,ta,H
Sundaravel,1,l,el,S
Nimita,2,a,ta,N
Keemaya,2,a,ya,K
Meenakshi,2,i,hi,M
Bhagavathi,2,i,hi,B
Punthali,2,i,li,P
Treya,2,a,ya,T
Vyomdev,1,v,ev,V
Minnoli,2,i,li,M
Netravati,2,i,ti,N
"Asit, Ashit",1,t,it,A
Ganitha,2,a,ha,G
Priyamvada,2,a,da,P
Mohak,1,k,ak,M
Sivanta,1,a,ta,S
Rajeev,1,v,ev,R
Banhi,2,i,hi,B
Abhirathi,2,i,hi,A
Hari,1,i,ri,H
Sumanta,1,a,ta,S
Paandu,1,u,du,P
Kalapini,2,i,ni,K
Mitra,1,a,ra,M
Saujanya,2,a,ya,S
Palak,2,k,ak,P
Rajalakshmi,2,i,mi,R
Devnarayan,1,n,an,D
Urja,2,a,ja,U
Ishanika,2,a,ka,I
Paranjay,1,y,ay,P
Ilamurugu,1,u,gu,I
Denise,1,e,se,D
Manaka,2,a,ka,M
Arivunambi,1,i,bi,A
Parnal,2,l,al,P
Meghashyam,1,m,am,M
Udantika,2,a,ka,U
Tamasa,2,a,sa,T
Saanjh,2,h,jh,S
"Lav, Luv",1,v,uv,L
Vrinda,2,a,da,V
Abdul-Jabaar,1,r,ar,A
Unnat,1,t,at,U
Bharat,1,t,at,B
Rijuta,2,a,ta,R
Yogendra,1,a,ra,Y
Giridhar,1,r,ar,G
Kajal,2,l,al,K
Adwaita,1,a,ta,A
Induja,2,a,ja,I
Sutanuka,2,a,ka,S
Jaigath,1,h,th,J
Ekantha,2,a,ha,E
Raviprabha,2,a,ha,R
Indradutt,1,t,tt,I
Mahati,2,i,ti,M
Manisila,2,a,la,M
Dakshina,1,a,na,D
Madhup,1,p,up,M
Lajja,2,a,ja,L
Kanak,1,k,ak,K
Chellam,2,m,am,C
Shrigauri,2,i,ri,S
Maahir,1,r,ir,M
Dayanita,2,a,ta,D
Suren,1,n,en,S
Tamra,1,a,ra,T
Ajaat,1,t,at,A
Mangesh,1,h,sh,M
Patala,2,a,la,P
Rwiju,1,u,ju,R
Neela,2,a,la,N
Shyamala,2,a,la,S
Ira,2,a,ra,I
Ushakanta,1,a,ta,U
Rina,2,a,na,R
Habib,1,b,ib,H
Sravanthi,2,i,hi,S
Laabh,1,h,bh,L
Pratibha,2,a,ha,P
Sohail,1,l,il,S
Bahubali,1,i,li,B
Abhinatha,1,a,ha,A
Manayi,2,i,yi,M
Indrajeet,1,t,et,I
Hemani,2,i,ni,H
Kamini,2,i,ni,K
Abhidhya,2,a,ya,A
Ahilya,2,a,ya,A
Nedumaan,1,n,an,N
Suhrid,1,d,id,S
Jeemutbahan,1,n,an,J
Sushama,2,a,ma,S
Bhumi,1,i,mi,B
Geeta,2,a,ta,G
Basabi,2,i,bi,B
Deviprasad,1,d,ad,D
Oojam,1,m,am,O
Bashir,1,r,ir,B
Hassan,1,n,an,H
Harsh; Haarsha,1,a,ha,H
Rajesh,1,h,sh,R
Ranjiv,1,v,iv,R
Shakti,1,i,ti,S
Sulakshana,2,a,na,S
"Vighnesh, Vignesh",1,h,sh,V
Udayasooriyan,1,n,an,U
Jeevitha,2,a,ha,J
Ariktha,2,a,ha,A
Mandarmalika,2,a,ka,M
Jhoomer,1,r,er,J
Ihit,1,t,it,I
Manoritha,2,a,ha,M
Vidula,2,a,la,V
Bhaskar,1,r,ar,B
Bhanuja,2,a,ja,B
Madhuparna,2,a,na,M
Nirmitha,2,a,ha,N
Dayada,1,a,da,D
Eshita,2,a,ta,E
Aastha,2,a,ha,A
Heramba,1,a,ba,H
Karabi,2,i,bi,K
Pralay,1,y,ay,P
Virabhadra,1,a,ra,V
Kaushik,1,k,ik,K
Suryakanti,2,i,ti,S
Samita,2,a,ta,S
Dandapaani,1,i,ni,D
Shaurav,1,v,av,S
Jhilmil,2,l,il,J
Prabhati,2,i,ti,P
Anirvan,1,n,an,A
Radha,2,a,ha,R
Ravindra Svarup,1,p,up,R
Mrinal,2,l,al,M
Iraja,2,a,ja,I
Vikas,1,s,as,V
Vardhana,1,a,na,V
Vallabhesvara,1,a,ra,V
Sudeepta,2,a,ta,S
Sandananda,1,a,da,S
Mukta,2,a,ta,M
Chiman,1,n,an,C
Guru,1,u,ru,G
Zarir,1,r,ir,Z
Geet,1,t,et,G
Suraj,1,j,aj,S
Rasesh,1,h,sh,R
Rustom,1,m,om,R
Tanya,2,a,ya,T
Baldev,1,v,ev,B
Tribhuvaneshwari,2,i,ri,T
Stuti,2,i,ti,S
Tarjani,2,i,ni,T
Abdul-Ghafoor,1,r,or,A
Shankar,1,r,ar,S
Elilarasu,1,u,su,E
Kaliranjan,1,n,an,K
Pratap,1,p,ap,P
Rajanigandha,2,a,ha,R
Doyel,2,l,el,D
Dharmendu,1,u,du,D
Guna,2,a,na,G
Dhvanya,1,a,ya,D
Suchira,2,a,ra,S
Aruni,1,i,ni,A
Bratati,2,i,ti,B
Daiwik,1,k,ik,D
"Keshori, Ketaki",2,i,ki,K
Purala,2,a,la,P
Deependu,1,u,du,D
Jwalia,1,a,ia,J
Lydia,2,a,ia,L
Makur,1,r,ur,M
Gulfam,1,m,am,G
Kadambari,2,i,ri,K
Sumitra,2,a,ra,S
Murari,1,i,ri,M
Shorashi,2,i,hi,S
Kruti,2,i,ti,K
Bandhananashini,2,i,ni,B
Katyayani,2,i,ni,K
Himaghna,1,a,na,H
Abhyudita,1,a,ta,A
Supriti,2,i,ti,S
Savitashri,2,i,ri,S
Utsav,1,v,av,U
Tufan,1,n,an,T
Deeptikana,2,a,na,D
Chanda,2,a,da,C
Sadhan,1,n,an,S
Datta,1,a,ta,D
Mihika,2,a,ka,M
Sugita,2,a,ta,S
Rushil,1,l,il,R
Snehal,2,l,al,S
Satish,1,h,sh,S
Sendhil,1,l,il,S
Somnath,1,h,th,S
Bhanu,1,u,nu,B
Mehrunissa,2,a,sa,M
Hindola,2,a,la,H
Taarank,1,k,nk,T
Devya,2,a,ya,D
Subhang,1,g,ng,S
Gaganasindhu,2,u,hu,G
Amanda,1,a,da,A
Tripurasundari,2,i,ri,T
Tridib,1,b,ib,T
Lekh,1,h,kh,L
Paramesh,1,h,sh,P
Varana,2,a,na,V
Shankari,2,i,ri,S
Jui,2,i,ui,J
Vandana,2,a,na,V
Aaliya,2,a,ya,A
Hastin,1,n,in,H
Ranga,1,a,ga,R
Sagar,1,r,ar,S
Chitrasen,1,n,en,C
Tapasi,2,i,si,T
Siya,2,a,ya,S
Faiz,1,z,iz,F
Ori,1,i,ri,O
Hasrat,2,t,at,H
Greeshma,2,a,ma,G
Latika,2,a,ka,L
Tarani,2,i,ni,T
Mahabala,1,a,la,M
Daha,1,a,ha,D
Prajesh,1,h,sh,P
Thulasi,2,i,si,T
Champakavathi,2,i,hi,C
Ipsa,2,a,sa,I
Abhilash,1,h,sh,A
Kalpa,1,a,pa,K
Chadna,2,a,na,C
Vatsal,1,l,al,V
Omarjeet,1,t,et,O
Sudhamay,1,y,ay,S
Shakambari,2,i,ri,S
Shirish,1,h,sh,S
Udita,2,a,ta,U
Ihina,2,a,na,I
Hiral,2,l,al,H
Dakshina,2,a,na,D
Nigam,1,m,am,N
Mandar,1,r,ar,M
Sevita,2,a,ta,S
Hemlata,2,a,ta,H
Pari,1,i,ri,P
Isar,1,r,ar,I
Kundan,1,n,an,K
Manibhushan,1,n,an,M
Anadi,1,i,di,A
Laghuvi,2,i,vi,L
Ahsan,1,n,an,A
Saloni,2,i,ni,S
Shaila,2,a,la,S
Cheliyan,1,n,an,C
Khemprakash,1,h,sh,K
Makshi,2,i,hi,M
Riya,2,a,ya,R
Sabrang,1,g,ng,S
Madhushri,2,i,ri,M
Akshay,1,y,ay,A
Vishwambhar,1,r,ar,V
Suhina,2,a,na,S
Ajanta,2,a,ta,A
Asita,2,a,ta,A
Danta,1,a,ta,D
Shabnum,2,m,um,S
Mithi,2,i,hi,M
Kanan,2,n,an,K
Manas,1,s,as,M
Shukti,2,i,ti,S
Anuttam,1,m,am,A
"Ananga, Anang",1,g,ng,A
Krandasi,2,i,si,K
Arumugan,1,n,an,A
Nipun,1,n,un,N
Abjit,1,t,it,A
Abdul-Azeez,1,z,ez,A
Shekhar,1,r,ar,S
Shaheena,2,a,na,S
Nimai,1,i,ai,N
Ganika,2,a,ka,G
Kumud,2,d,ud,K
"Ganga, Gangotri",2,i,ri,G
Namuchi,2,i,hi,N
Sinsapa,2,a,pa,S
Eelampirai,2,i,ai,E
Ravi,1,i,vi,R
Utsavi,2,i,vi,U
Mahith,1,h,th,M
Prateep,1,p,ep,P
Dayakar,1,r,ar,D
Sahil,1,l,il,S
Shiv,1,v,iv,S
Prateet,1,t,et,P
Harshini,2,i,ni,H
Ekaling,1,g,ng,E
"Shatrughna, Shatrughan",1,n,an,S
Jatan,1,n,an,J
Soman,1,n,an,S
Sinha,1,a,ha,S
Phoolan,2,n,an,P
"Rajarshi, Rajrishi",1,i,hi,R
Sanyog,1,g,og,S
Bharani,2,i,ni,B
Ziya,1,a,ya,Z
Kahini,2,i,ni,K
Jaigopal,1,l,al,J
Lohita,2,a,ta,L
Desiha,2,a,ha,D
Bahulika,2,a,ka,B
Tamali,2,i,li,T
Janya,1,a,ya,J
Kishmish,2,h,sh,K
Saroja,2,a,ja,S
Sutra,2,a,ra,S
Elilarasan,1,n,an,E
Samarjit,1,t,it,S
Madhu,2,u,hu,M
Zarna,2,a,na,Z
Iraiyavan,1,n,an,I
Radheshyam,1,m,am,R
Raakhi,2,i,hi,R
Neelesh,1,h,sh,N
Kanhaiya,1,a,ya,K
Mukut,1,t,ut,M
Shrilata,2,a,ta,S
Balakrishna,1,a,na,B
Neeladri,1,i,ri,N
Shwetika,2,a,ka,S
Naval,1,l,al,N
Ashraf,1,f,af,A
Nikhilesh,1,h,sh,N
Dhanvi,2,i,vi,D
Noshi,2,i,hi,N
Leela,2,a,la,L
Jowaki,2,i,ki,J
Udayan,1,n,an,U
Yuval,1,l,al,Y
Viresh,1,h,sh,V
Kanan,1,n,an,K
Pundarik,1,k,ik,P
Azhar,1,r,ar,A
Nedumaran,1,n,an,N
Latikara,2,a,ra,L
Aninditha,2,a,ha,A
Lavali,2,i,li,L
Sudhakar,1,r,ar,S
Swarnika,2,a,ka,S
Gunalakshmi,2,i,mi,G
Rajit,1,t,it,R
Anupama,2,a,ma,A
Bindu,2,u,du,B
Prabhakar,1,r,ar,P
Aafreen,1,n,en,A
Avni,2,i,ni,A
"Sajni, Sajani",2,i,ni,S
Surina,2,a,na,S
Maniram,1,m,am,M
Kunti,2,i,ti,K
Shrikrishna,1,a,na,S
Sachika,2,a,ka,S
Amir,1,r,ir,A
Ekaja,2,a,ja,E
Omesh,1,h,sh,O
Harendra,1,a,ra,H
Sarvadaman,1,n,an,S
Suvarna,2,a,na,S
Maari,1,i,ri,M
Banbihari,1,i,ri,B
Vijay,1,y,ay,V
Ranganath,1,h,th,R
Tvesa,2,a,sa,T
Meher,2,r,er,M
Gyandev,1,v,ev,G
Randhir,1,r,ir,R
Sanwariya,1,a,ya,S
Pranavi,2,i,vi,P
Gurveer,1,r,er,G
Sikata,2,a,ta,S
Dandak,1,k,ak,D
Malaya,2,a,ya,M
Lajwanti,2,i,ti,L
Jaidayal,1,l,al,J
Elilvendan,1,n,an,E
Ajinkya,1,a,ya,A
Kavini,2,i,ni,K
Rishi,1,i,hi,R
Satyendra,1,a,ra,S
Tanmaya,2,a,ya,T
Faarooq,1,q,oq,F
Aparijita,2,a,ta,A
Foolmala,2,a,la,F
Padmalochana,2,a,na,P
Smarajit,1,t,it,S
Ihitha,2,a,ha,I
Vilokan,1,n,an,V
Abdul-Jaleel,1,l,el,A
Taanusiya,2,a,ya,T
Vamana,1,a,na,V
Farida,2,a,da,F
Samskara,2,a,ra,S
Shishupal,1,l,al,S
Haadiya,1,a,ya,H
Sahitha,2,a,ha,S
Yaalmani,1,i,ni,Y
Shirshirchandra,1,a,ra,S
Ganendra,1,a,ra,G
Sanabhi,1,i,hi,S
Manika,2,a,ka,M
Sankari,2,i,ri,S
Sanjukta,2,a,ta,S
Chintya,1,a,ya,C
Kapardini,2,i,ni,K
Pivari,2,i,ri,P
Mohal,1,l,al,M
Varun,1,n,un,V
Jayanta,1,a,ta,J
Pratiti,2,i,ti,P
Satyasheel,1,l,el,S
"Falguni, Phalguni",1,i,ni,F
Bakula,2,a,la,B
Gaura,2,a,ra,G
Imaran,1,n,an,I
Dinapati,1,i,ti,D
Laavanya,1,a,ya,L
Kandan,1,n,an,K
Utsa,2,a,sa,U
Eka,1,a,ka,E
Upala,2,a,la,U
Tapati,2,i,ti,T
Sayam,1,m,am,S
Mahasweta,2,a,ta,M
Bilva,1,a,va,B
Mandira,2,a,ra,M
Badrinath,1,h,th,B
Acira,2,a,ra,A
Shreshta,1,a,ta,S
Tarpan,1,n,an,T
Vaijnath,1,h,th,V
Barsha,2,a,ha,B
Pravin,1,n,in,P
Ayush,1,h,sh,A
Benazir,2,r,ir,B
Salila,2,a,la,S
Devabrata,1,a,ta,D
Vidyut,1,t,ut,V
Somalakshmi,2,i,mi,S
Prasheila,2,a,la,P
Vihanga,1,a,ga,V
Dwaraka-daas,1,s,as,D
Zev,1,v,ev,Z
Tripti,2,i,ti,T
Heer,1,r,er,H
Shyamal,2,l,al,S
Uttam,1,m,am,U
Talat,1,t,at,T
Rajas,1,s,as,R
Maitreyi,2,i,yi,M
Ekagrah,1,h,ah,E
Ibraheem,1,m,em,I
Ekana,1,a,na,E
Devansh,1,h,sh,D
Aanadi,2,i,di,A
Pragun,1,n,un,P
Tarit,1,t,it,T
Upama,2,a,ma,U
Nikunja,1,a,ja,N
Aachman,1,n,an,A
Gunwanti,2,i,ti,G
Sandhaya,2,a,ya,S
Wajidali,1,i,li,W
Tamarai,2,i,ai,T
Nachiketa,1,a,ta,N
Chandranath,1,h,th,C
DuraiMurugan,1,n,an,D
Sahana,2,a,na,S
Pandhari,1,i,ri,P
Anusri,2,i,ri,A
Sarfaraz,1,z,az,S
Swapnasundari,2,i,ri,S
Ameya,1,a,ya,A
Ishita,2,a,ta,I
Amrapali,2,i,li,A
Aleem,1,m,em,A
Kaartikeya,1,a,ya,K
Surekha,2,a,ha,S
Subodh,1,h,dh,S
Iyyappan,1,n,an,I
Siraj,1,j,aj,S
Bina,2,a,na,B
Vaikunth,1,h,th,V
Vijul,2,l,ul,V
Rashi,2,i,hi,R
Vennela,2,a,la,V
Nilavoli,2,i,li,N
Thirumalai,1,i,ai,T
Baha Udeen,1,n,en,B
Chakradhar,1,r,ar,C
Akalmash,1,h,sh,A
Seemanta,1,a,ta,S
Anjana,2,a,na,A
Sarojini,2,i,ni,S
Divya,2,a,ya,D
Kamalesh,1,h,sh,K
Vimal,1,l,al,V
Palanimurugan,1,n,an,P
Deeptimoy,1,y,oy,D
Haimavati,2,i,ti,H
Mahaj,1,j,aj,M
Kulavardhini,2,i,ni,K
Samidha,2,a,ha,S
Ratnamala,2,a,la,R
Kuber,1,r,er,K
Baanke Bihaari,1,i,ri,B
Qasim,1,m,im,Q
Praval,1,l,al,P
Ainesh,1,h,sh,A
Anju,2,u,ju,A
Bhagaditya,1,a,ya,B
Piyali,2,i,li,P
Teerthankar,1,r,ar,T
Devdutta,1,a,ta,D
Rebanta,1,a,ta,R
Neeharika,2,a,ka,N
Bhoomika,2,a,ka,B
Ghanashyam,1,m,am,G
Garati,2,i,ti,G
Hiranya,2,a,ya,H
Sinchana,2,a,na,S
Umed,1,d,ed,U
Namdev,1,v,ev,N
Nuti,2,i,ti,N
Raksha,2,a,ha,R
Naasih,1,h,ih,N
Sanjula,2,a,la,S
Nityapriya,2,a,ya,N
Gaurika,2,a,ka,G
Dheeran,1,n,an,D
Evyavan,1,n,an,E
Rajhans,2,s,ns,R
Dhevaneyan,1,n,an,D
Pannalal,1,l,al,P
Janith,1,h,th,J
Srinivas,1,s,as,S
Markandeya,2,a,ya,M
Ratnakar,1,r,ar,R
Khalid,1,d,id,K
Uma,2,a,ma,U
Tarakeshwar,1,r,ar,T
Himadri,1,i,ri,H
Sundar,1,r,ar,S
Sunaya,2,a,ya,S
Manorama,2,a,ma,M
Nazima,2,a,ma,N
Nagarjun,1,n,un,N
Shrigeeta,2,a,ta,S
Ayati,2,i,ti,A
Apala,2,a,la,A
Kapila,2,a,la,K
Tamal,1,l,al,T
"Arun, Aroon",1,n,on,A
Unnati,2,i,ti,U
Shantala,2,a,la,S
Ashritha,2,a,ha,A
Deepamala,2,a,la,D
Yahvi,2,i,vi,Y
Poojan,1,n,an,P
Ketana,2,a,na,K
Prahlad,1,d,ad,P
Dilip,1,p,ip,D
Orion,1,n,on,O
Prayag,1,g,ag,P
Adhira,2,a,ra,A
Ikshu,1,u,hu,I
Farzana,2,a,na,F
Gnanamangala,2,a,la,G
Sushrut,1,t,ut,S
Ibhanan,1,n,an,I
Oorjit,1,t,it,O
Moksha,2,a,ha,M
Ryna,1,a,na,R
Kamadha,2,a,ha,K
Shaunak,1,k,ak,S
Aranam,2,m,am,A
Zahir,1,r,ir,Z
Vyomakesh,1,h,sh,V
Abhimoda,1,a,da,A
Sohan,1,n,an,S
Nand,1,d,nd,N
Rathin,1,n,in,R
Sutej,1,j,ej,S
Hemamdar,1,r,ar,H
Latangi,2,i,gi,L
Umrao,1,o,ao,U
Vasuki,2,i,ki,V
Thiruvoli,1,i,li,T
Viplab,1,b,ab,V
Varindra,1,a,ra,V
Chaaya,2,a,ya,C
Oindrila,2,a,la,O
Mansukh,1,h,kh,M
Harini,2,i,ni,H
Lalana,2,a,na,L
Basudha,1,a,ha,B
Zeena,2,a,na,Z
Ankitha,2,a,ha,A
Sarbajit,1,t,it,S
Farhad,1,d,ad,F
Purnendu,1,u,du,P
Sugreev,1,v,ev,S
Jignesh,1,h,sh,J
Sarang,1,g,ng,S
Shabalini,2,i,ni,S
Vallari,2,i,ri,V
Rana,1,a,na,R
Musheer,1,r,er,M
Bhairav,1,v,av,B
Pinga,2,a,ga,P
Kasturi,2,i,ri,K
Juhi,2,i,hi,J
"Falguni, Phalguni",2,i,ni,F
Timila,2,a,la,T
Gaganadipika,2,a,ka,G
Neeraja,2,a,ja,N
Rohit,1,t,it,R
Utkarsha,2,a,ha,U
Shivanne,2,e,ne,S
Zakir,1,r,ir,Z
Chandrodaya,1,a,ya,C
Sarama,2,a,ma,S
Pujita,2,a,ta,P
Deepitha,2,a,ha,D
Hemavati,2,i,ti,H
Daksha,2,a,ha,D
Himani,2,i,ni,H
Mriganka,1,a,ka,M
Ranjana,2,a,na,R
Madur,1,r,ur,M
Zerelda,2,a,da,Z
Ranjudeep,2,p,ep,R
Champakali,2,i,li,C
Gnanamalar,2,r,ar,G
Sanobar,1,r,ar,S
Guruttam,1,m,am,G
Gaurav,1,v,av,G
Lalima,2,a,ma,L
Anandalakshmi,2,i,mi,A
Wafiya,2,a,ya,W
Bandhula,2,a,la,B
Shaili,2,i,li,S
Yasmeen,2,n,en,Y
Omswaroop,1,p,op,O
Kushala,2,a,la,K
Jivika,2,a,ka,J
Tamas,1,s,as,T
Udichi,2,i,hi,U
Mrinalini,2,i,ni,M
Manjari,2,i,ri,M
Ajitesh,1,h,sh,A
Padmaroopa,2,a,pa,P
Rajeshri,2,i,ri,R
Rituraj,1,j,aj,R
Radhani,2,i,ni,R
Chakrapani,1,i,ni,C
Suruchi,2,i,hi,S
Harshit,1,t,it,H
Hasna,2,a,na,H
Khemchand,1,d,nd,K
Ina,2,a,na,I
Eshanya,2,a,ya,E
Payal,2,l,al,P
Samit,2,t,it,S
Mahijith,1,h,th,M
Patralika,1,a,ka,P
Devakanya,2,a,ya,D
Kanika,2,a,ka,K
Yoosuf,1,f,uf,Y
Viraj,1,j,aj,V
Jyotirmoy,1,y,oy,J
Omkareshwari,2,i,ri,O
Sapan,1,n,an,S
Manindra,1,a,ra,M
Bandhura,2,a,ra,B
Kishorekumar,1,r,ar,K
Rupali,2,i,li,R
Aparna,2,a,na,A
Ranjika,2,a,ka,R
Karunamay,1,y,ay,K
Aalia,2,a,ia,A
Riddhiman,1,n,an,R
Nityasree,2,e,ee,N
Sulochana,2,a,na,S
Malini,2,i,ni,M
Grhitha,2,a,ha,G
Shrihari,1,i,ri,S
Ulupi,2,i,pi,U
Jyestha,1,a,ha,J
Maheepati,1,i,ti,M
Suvarnaprabha,2,a,ha,S
Elavarasi,2,i,si,E
Kalki,1,i,ki,K
Yamuna,2,a,na,Y
Lekha,2,a,ha,L
Kaandhal,2,l,al,K
Maniya,2,a,ya,M
Tarunima,2,a,ma,T
Parikshit,1,t,it,P
Hoor,2,r,or,H
Neelmadhav,1,v,av,N
Natesh,1,h,sh,N
Kadambini,2,i,ni,K
Alamgir,1,r,ir,A
Raka,2,a,ka,R
Shripal,1,l,al,S
Bhanudas,1,s,as,B
Sudhamayi,2,i,yi,S
Pran,1,n,an,P
Mritsa,2,a,sa,M
Kunal,1,l,al,K
Aadidev,1,v,ev,A
Pachaimani,1,i,ni,P
Milap,1,p,ap,M
Arushi,2,i,hi,A
Elumalai,1,i,ai,E
Kajjali,2,i,li,K
Vedvalli,2,i,li,V
Brahmadutt,1,t,tt,B
Nachni,2,i,ni,N
Firdaus,1,s,us,F
Hamsini,2,i,ni,H
Titir,1,r,ir,T
Suniti,2,i,ti,S
Goerge,1,e,ge,G
Hetal,2,l,al,H
Utpalakshi,2,i,hi,U
Pramila,2,a,la,P
Surajit,1,t,it,S
Lingammal,2,l,al,L
Devahuti,2,i,ti,D
Vadiraj,1,j,aj,V
Aditri,2,i,ri,A
Kairavi,2,i,vi,K
Charuprabha,2,a,ha,C
Bhagwant,1,t,nt,B
Lambodar,1,r,ar,L
Pavani,2,i,ni,P
Pavak,1,k,ak,P
Marisa,2,a,sa,M
Mrinali,2,i,li,M
Kailashchandra,1,a,ra,K
Kanakabati,2,i,ti,K
Sudeep,1,p,ep,S
Kanwalkishore,1,e,re,K
Induprabha,2,a,ha,I
Sahaj,1,j,aj,S
Champamalini,2,i,ni,C
Nishith,1,h,th,N
Gnanamani,2,i,ni,G
Manadha,2,a,ha,M
Mriganayani,2,i,ni,M
Balamani,2,i,ni,B
Rafat,1,t,at,R
Ekanath,1,h,th,E
Dwijain,1,n,in,D
Aran,1,n,an,A
Purnanada,1,a,da,P
Shattesh,1,h,sh,S
Jitendra,1,a,ra,J
Kunja,1,a,ja,K
Rupashi,2,i,hi,R
Kalpita,2,a,ta,K
Antini,2,i,ni,A
Raksha,1,a,ha,R
Vasant,1,t,nt,V
Fawiza,2,a,za,F
Kamalapathi,1,i,hi,K
Sarthak,1,k,ak,S
Aadi,1,i,di,A
Niyati,2,i,ti,N
Manishankar,1,r,ar,M
Abdul-Haafiz,1,z,iz,A
Abhithi,2,i,hi,A
Keyur,1,r,ur,K
Manasi,1,i,si,M
Arivarasu,1,u,su,A
Smita,2,a,ta,S
Prabha,2,a,ha,P
Garry,1,y,ry,G
Kanchan,1,n,an,K
Sunandini,2,i,ni,S
Kushal,1,l,al,K
Ammar,1,r,ar,A
Shabari,2,i,ri,S
Havish,1,h,sh,H
Anjasa,1,a,sa,A
Virata,2,a,ta,V
Suchandra,2,a,ra,S
Sejal,2,l,al,S
Jayad,1,d,ad,J
Jeevan,1,n,an,J
Mangala,2,a,la,M
Edhas,1,s,as,E
Kamod,1,d,od,K
Charuvardhana,1,a,na,C
Dheemant,1,t,nt,D
Chittaranjan,1,n,an,C
Kartik,1,k,ik,K
Punita,2,a,ta,P
Prasiddhi,1,i,hi,P
Karishma,2,a,ma,K
Sumedh,1,h,dh,S
Sitara,2,a,ra,S
Samgram,1,m,am,S
Grihith,1,h,th,G
Jabbar,1,r,ar,J
Darshan,1,n,an,D
Naseen,2,n,en,N
Ruksana,2,a,na,R
Viswajit,1,t,it,V
Devika,2,a,ka,D
Shardul,1,l,ul,S
Anbu,1,u,bu,A
Oppilan,1,n,an,O
Agriya,1,a,ya,A
Zamir,1,r,ir,Z
Heera,2,a,ra,H
Bhajan,1,n,an,B
Kalpini,2,i,ni,K
Aaheli,2,i,li,A
Narois,2,s,is,N
Naini,2,i,ni,N
Lingamoorthy,1,y,hy,L
Aayushi,2,i,hi,A
Vyasa,1,a,sa,V
Omprakash,1,h,sh,O
Piyush,1,h,sh,P
Rajkumari,2,i,ri,R
Shankhamala,2,a,la,S
"Arati, Aaarti",2,i,ti,A
"Ethaha, Etasha",2,a,ha,E
Aathmika,2,a,ka,A
Parameshwar,1,r,ar,P
Gunalan,1,n,an,G
Sandeepan,1,n,an,S
Mohan,1,n,an,M
Vipra,1,a,ra,V
Pankaja,2,a,ja,P
Gandhik,1,k,ik,G
Yaduraj,1,j,aj,Y
Bhargyaraj,1,j,aj,B
Kesar,2,r,ar,K
Phanindra,1,a,ra,P
Dinanath,1,h,th,D
Ekram,1,m,am,E
Nandan,1,n,an,N
Faaris,1,s,is,F
Om,1,m,Om,O
Keerthi,2,i,hi,K
Jayendra,1,a,ra,J
Amritkala,2,a,la,A
Trayi,2,i,yi,T
Vaijayi,1,i,yi,V
Bhavya,2,a,ya,B
Kaustubh,1,h,bh,K
Yaksha,2,a,ha,Y
Chetan,1,n,an,C
Eila,2,a,la,E
Devaraj,1,j,aj,D
Danish,1,h,sh,D
Yuthika,2,a,ka,Y
Karna,1,a,na,K
Juily,2,y,ly,J
Naotau,1,u,au,N
Mythilli,2,i,li,M
Vardhaman,1,n,an,V
Pinaki,1,i,ki,P
Shravani,2,i,ni,S
Ruchir,1,r,ir,R
Veni,1,i,ni,V
Pradeepta,2,a,ta,P
Ravishu,1,u,hu,R
Chandrakanta,1,a,ta,C
Padmagriha,2,a,ha,P
Ekaparana,2,a,na,E
Aaloka,2,a,ka,A
Chandrabhan,1,n,an,C
Shatrujit,1,t,it,S
Sampat,1,t,at,S
Mrigendra,1,a,ra,M
Varuni,2,i,ni,V
Ved,1,d,ed,V
Shrivatsa,1,a,sa,S
"Anup, Anoop",1,p,op,A
Manjubala,2,a,la,M
Panini,1,i,ni,P
Chaman,1,n,an,C
Jharna,2,a,na,J
Mekhal,1,l,al,M
Komala,2,a,la,K
Taksheel,1,l,el,T
Hradha,2,a,ha,H
Ritkriti,2,i,ti,R
Kshirin,2,n,in,K
Jagadish,1,h,sh,J
Suchita,2,a,ta,S
Yayin,1,n,in,Y
Sita,2,a,ta,S
Sukriti,2,i,ti,S
Yatindra,1,a,ra,Y
Ambika,2,a,ka,A
Nitin,1,n,in,N
Reva,2,a,va,R
Sajala,2,a,la,S
Gandira,1,a,ra,G
Kundini,2,i,ni,K
Abhimani,1,i,ni,A
Atiya,1,a,ya,A
Sindhu,2,u,hu,S
Pravallika,2,a,ka,P
Amarta,2,a,ta,A
Gautam,1,m,am,G
Umashankar,1,r,ar,U
Gita,2,a,ta,G
Dakshata,2,a,ta,D
Tvarita,2,a,ta,T
Sudeshna,2,a,na,S
Deeptanshu,1,u,hu,D
Sabeena,2,a,na,S
Shyamalima,2,a,ma,S
Suchitra,2,a,ra,S
Jihan,1,n,an,J
Shriranga,1,a,ga,S
Pratik,1,k,ik,P
Motilal,1,l,al,M
Mahijuba,2,a,ba,M
Dilawar,1,r,ar,D
Maharath,1,h,th,M
Kedarnath,1,h,th,K
Madhavilata,2,a,ta,M
Buddhadeva,1,a,va,B
Devadas,1,s,as,D
Nihar,1,r,ar,N
Oditi,2,i,ti,O
Parakram,1,m,am,P
Hansini,2,i,ni,H
Sanika,2,a,ka,S
Shikhar,1,r,ar,S
Smaran,1,n,an,S
Devasree,2,e,ee,D
Jaitra,1,a,ra,J
Upasana,2,a,na,U
Mehdi,1,i,di,M
Pahal,2,l,al,P
Rakesh,1,h,sh,R
Har,1,r,ar,H
Shreyash,1,h,sh,S
Tanmayi,2,i,yi,T
Giva,2,a,va,G
Pavana,2,a,na,P
Vachan,1,n,an,V
Shefalika,2,a,ka,S
Medhya,2,a,ya,M
Jhinuk,2,k,uk,J
Nirmit,1,t,it,N
Paramita,2,a,ta,P
Satyavan,1,n,an,S
Juana,2,a,na,J
Najma,2,a,ma,N
Mayur,1,r,ur,M
Parinita,2,a,ta,P
Anulekha,2,a,ha,A
Atma,1,a,ma,A
Suman,1,n,an,S
Ilavarasan,1,n,an,I
Punyabrata,1,a,ta,P
Abhrakasin,1,n,in,A
Jashan,1,n,an,J
Rajani,2,i,ni,R
Murugan,1,n,an,M
Pathin,1,n,in,P
Elampirai,2,i,ai,E
Vatsala,2,a,la,V
Fravash,1,h,sh,F
Azzam,1,m,am,A
Chanchal,1,l,al,C
Tusharkanti,1,i,ti,T
Maalai,2,i,ai,M
Dheeman,1,n,an,D
Shams,1,s,ms,S
Kandavel,1,l,el,K
Arivalagan,1,n,an,A
Kaushika,2,a,ka,K
Shivlal,1,l,al,S
Som,1,m,om,S
Dhyana,1,a,na,D
Shashirekha,2,a,ha,S
Abhayananda,1,a,da,A
Faria,2,a,ia,F
Trilok,1,k,ok,T
Nipa,2,a,pa,N
Shri,2,i,ri,S
Krupa,2,a,pa,K
Jagath,1,h,th,J
Lingam,1,m,am,L
Premendra,1,a,ra,P
Vinayak,1,k,ak,V
Kshanaprabha,2,a,ha,K
Manavi,2,i,vi,M
Adalarasu,1,u,su,A
Bajrang,1,g,ng,B
Tejeshwar,1,r,ar,T
Amrita,2,a,ta,A
Malarvili,2,i,li,M
Dalapathi,1,i,hi,D
Dalajit,1,t,it,D
Baruna,2,a,na,B
Shrigopal,1,l,al,S
Rituparan,1,n,an,R
Urmika,2,a,ka,U
Kiya,2,a,ya,K
Intekhab,1,b,ab,I
Chitramala,2,a,la,C
Keya,2,a,ya,K
Kshaunish,1,h,sh,K
Kurangi,2,i,gi,K
Tathagata,1,a,ta,T
Razak,1,k,ak,R
Shakib,1,b,ib,S
Mayil,2,l,il,M
Lakshin,1,n,in,L
Avanija,2,a,ja,A
Anuj,1,j,uj,A
Palanivel,1,l,el,P
Trariti,2,i,ti,T
Ashu,1,u,hu,A
Manth,1,h,th,M
Shivangi,2,i,gi,S
Jyotsana,2,a,na,J
Sitakanta,1,a,ta,S
Rhea,2,a,ea,R
Umapati,1,i,ti,U
"Sharad, Sarat",1,t,at,S
Supriya,2,a,ya,S
Kunsh,1,h,sh,K
Rajendrakumar,1,r,ar,R
Jyran,1,n,an,J
Tannishtha,2,a,ha,T
Subhash,1,h,sh,S
Eta,2,a,ta,E
Uditi,2,i,ti,U
"Apurva, Apoorva",1,a,va,A
Vaijayanti,2,i,ti,V
Nikki,2,i,ki,N
Mubarak,1,k,ak,M
Rajahansa,2,a,sa,R
Rochi,2,i,hi,R
Abdul-Khaaliq,1,q,iq,A
Kvanh,1,h,nh,K
Anita,2,a,ta,A
Krittika,2,a,ka,K
Faisal,1,l,al,F
Dakshi,1,i,hi,D
Manaar,1,r,ar,M
Shyama,2,a,ma,S
Vasudev,1,v,ev,V
Mitul,1,l,ul,M
"Umanant, Umakant",1,t,nt,U
Padman,1,n,an,P
Kabir,1,r,ir,K
Jishnu,1,u,nu,J
Pyarelal,1,l,al,P
Madhur,2,r,ur,M
Nikhil,1,l,il,N
Sudipti,2,i,ti,S
Lakshmidhar,1,r,ar,L
Devamayi,2,i,yi,D
Pavani,1,i,ni,P
Pusti,2,i,ti,P
Tulasi,2,i,si,T
Waahid,1,d,id,W
Manik,1,k,ik,M
Nishant,1,t,nt,N
"Sukant, Sukanta",1,a,ta,S
Haima,2,a,ma,H
Gourangi,2,i,gi,G
Chaitan,1,n,an,C
Kanchi,2,i,hi,K
Surya,1,a,ya,S
Swapan,1,n,an,S
Thevan,1,n,an,T
Sharan,1,n,an,S
Harinaksh,1,h,sh,H
Gina,2,a,na,G
Giinni,2,i,ni,G
Kevalkumar,1,r,ar,K
Mohin,1,n,in,M
Neelotpal,1,l,al,N
Likhitha,2,a,ha,L
Anshuman,1,n,an,A
Shabana,2,a,na,S
Nakti,2,i,ti,N
Shridula,2,a,la,S
Atmaja,1,a,ja,A
Dattatreya,1,a,ya,D
Sual,1,l,al,S
Anjuman,1,n,an,A
Miraya,2,a,ya,M
Shameena,2,a,na,S
Sonam,2,m,am,S
Ramani,2,i,ni,R
Bishanpal,1,l,al,B
Devaj,1,j,aj,D
Arivuchelvan,1,n,an,A
Chandana,2,a,na,C
Yajnarup,1,p,up,Y
Abhyudaya,1,a,ya,A
Vibhishan,1,n,an,V
Champa,2,a,pa,C
Manditha,2,a,ha,M
Tuhin,1,n,in,T
Gitanjali,2,i,li,G
Prabhav,1,v,av,P
Aamani,2,i,ni,A
Mohamad,1,d,ad,M
Tanuj,1,j,uj,T
Manjeet,1,t,et,M
Swapna,2,a,na,S
Champika,2,a,ka,C
Mita,2,a,ta,M
Pradyumna,1,a,na,P
Saravanan,1,n,an,S
Aadhaya,2,a,ya,A
Isai,2,i,ai,I
Amita,2,a,ta,A
Girilal,1,l,al,G
Zuleika,2,a,ka,Z
Madhumay,1,y,ay,M
Pujit,1,t,it,P
Yugma,1,a,ma,Y
Ullalagi,2,i,gi,U
Druthi,2,i,hi,D
Ballari,2,i,ri,B
Ayog,1,g,og,A
Saquib,1,b,ib,S
Saras,1,s,as,S
Krishnakali,2,i,li,K
Laranya,2,a,ya,L
Nadir,1,r,ir,N
Aruni,2,i,ni,A
Chitresh,1,h,sh,C
Fadl,1,l,dl,F
"Valmiki, Valmik",1,k,ik,V
Meghana,2,a,na,M
Lakshmishree,2,e,ee,L
Jaiwant,1,t,nt,J
Dharmveer,1,r,er,D
Shanta,2,a,ta,S
Saruchi,2,i,hi,S
Triguna,2,a,na,T
Yadav,1,v,av,Y
Sahila,2,a,la,S
Hamid,1,d,id,H
Aashita,2,a,ta,A
Gunayukth,1,h,th,G
Shalini,2,i,ni,S
Wamil,2,l,il,W
Sanam,1,m,am,S
Agniprava,1,a,va,A
Nrupadh,1,h,dh,N
"Alaka, Alka",2,a,ka,A
Chanchal,2,l,al,C
Uthami,2,i,mi,U
Divyanga,1,a,ga,D
Anamitra,1,a,ra,A
Hemachandra,1,a,ra,H
Faraz,1,z,az,F
Lona,2,a,na,L
Hemendu,1,u,du,H
Pushkar,1,r,ar,P
Deepta,2,a,ta,D
Wajeeha,2,a,ha,W
Dakshakanya,2,a,ya,D
Bhavika,2,a,ka,B
Dakshesh,1,h,sh,D
Vipasa,2,a,sa,V
Pritikana,2,a,na,P
Vallabh,1,h,bh,V
Yudhisthir,1,r,ir,Y
Kanishta,1,a,ta,K
Anisa,1,a,sa,A
Ambarish,1,h,sh,A
Tvisha,2,a,ha,T
Priyanka,2,a,ka,P
Taha,1,a,ha,T
Nidhi,2,i,hi,N
Jyothi,2,i,hi,J
Binata,2,a,ta,B
Sangupt,1,t,pt,S
Poojit,1,t,it,P
Himmat,1,t,at,H
Prajin,1,n,in,P
Fulki,2,i,ki,F
Nirmal,1,l,al,N
Paramananda,1,a,da,P
Damayanti,2,i,ti,D
Muthu,1,u,hu,M
Daman,1,n,an,D
Abdullah,1,h,ah,A
Adwiteya,2,a,ya,A
Ilango,1,o,go,I
Toshan,1,n,an,T
Vibha,2,a,ha,V
Adityanandana,1,a,na,A
Japesh,1,h,sh,J
Avikshit,1,t,it,A
Karan,1,n,an,K
Bhooshit,1,t,it,B
Tusya,1,a,ya,T
Shyla,2,a,la,S
Prasham,1,m,am,P
Haniya,2,a,ya,H
Kuhuk,2,k,uk,K
Ritsika,2,a,ka,R
Vidyut,2,t,ut,V
Hans,1,s,ns,H
Abhijaya,1,a,ya,A
Unmesh,1,h,sh,U
Aashika,2,a,ka,A
Premala,2,a,la,P
Orman,1,n,an,O
Amalesh,1,h,sh,A
Sunitha,2,a,ha,S
Chandak,1,k,ak,C
Kanta,2,a,ta,K
Iniya,2,a,ya,I
Narendra,1,a,ra,N
Bipin,1,n,in,B
Nambi,1,i,bi,N
Talaketu,1,u,tu,T
Arpana,2,a,na,A
Ryka,2,a,ka,R
Aloke,1,e,ke,A
Aslesha,2,a,ha,A
Ilancheliyan,1,n,an,I
Nayantara,2,a,ra,N
Ruchita,2,a,ta,R
Turanyu,1,u,yu,T
Trishanku,1,u,ku,T
Jyotika,2,a,ka,J
Gandha,2,a,ha,G
Dakshayani,2,i,ni,D
Vari,2,i,ri,V
Parnad,1,d,ad,P
Ramith,1,h,th,R
Manoj,1,j,oj,M
Nalin,1,n,in,N
Natwar,1,r,ar,N
Suneeti,2,i,ti,S
Kutraalan,1,n,an,K
Bharadwaj,1,j,aj,B
Kumuda,2,a,da,K
Yukta,1,a,ta,Y
Jatya,1,a,ya,J
Arjit,1,t,it,A
Mahadev,1,v,ev,M
Daarun,1,n,un,D
Anmol,1,l,ol,A
Kuntal,2,l,al,K
Aja,1,a,ja,A
Harith,1,h,th,H
Samyama,2,a,ma,S
Bhanumati,2,i,ti,B
Poonish,1,h,sh,P
Udar,1,r,ar,U
Anish,1,h,sh,A
Seerat,2,t,at,S
Chandraprakash,1,h,sh,C
Rizvan,1,n,an,R
Sasmita,2,a,ta,S
Poorbi,2,i,bi,P
Navalan,1,n,an,N
Mukesh,1,h,sh,M
Abhishek,1,k,ek,A
Satya,2,a,ya,S
Kartar,1,r,ar,K
Chandravathi,2,i,hi,C
Qays,1,s,ys,Q
Kamalika,2,a,ka,K
Pyas,2,s,as,P
Madhulla,2,a,la,M
Vir,1,r,ir,V
Tamonash,1,h,sh,T
Hiya,2,a,ya,H
Kundanika,2,a,ka,K
Advika,2,a,ka,A
Nishikanta,1,a,ta,N
Urjita,1,a,ta,U
Anandi,2,i,di,A
Manajith,1,h,th,M
Amalendu,1,u,du,A
Tulsidas,1,s,as,T
Nirmala,2,a,la,N
Neelkamal,2,l,al,N
Pankhadi,2,i,di,P
Anarghya,1,a,ya,A
Amal,1,l,al,A
Poorna,1,a,na,P
Layak,1,k,ak,L
Satha,2,a,ha,S
Vikesh,1,h,sh,V
Kamana,2,a,na,K
Purvi,2,i,vi,P
Vivek,1,k,ek,V
Mandakini,2,i,ni,M
Gagandeep,1,p,ep,G
Sammathi,2,i,hi,S
Sushruta,1,a,ta,S
Uttiya,1,a,ya,U
Bhagat,1,t,at,B
Deeptiman,1,n,an,D
Indrayani,2,i,ni,I
Suhail,1,l,il,S
Dyumani,1,i,ni,D
Maitra,2,a,ra,M
Palak,1,k,ak,P
Sulekh,2,h,kh,S
Nirajit,1,t,it,N
Maitreya,2,a,ya,M
Wasan,1,n,an,W
Dharani,2,i,ni,D
Tusti,2,i,ti,T
Devamadana,1,a,na,D
Ompati,1,i,ti,O
Pavan,1,n,an,P
Bairavi,2,i,vi,B
Manohari,2,i,ri,M
Shrinivas,1,s,as,S
Vishwesh,1,h,sh,V
Umanand,1,d,nd,U
Gulal,2,l,al,G
Kanjari,2,i,ri,K
Nandita,2,a,ta,N
Huthayfa,1,a,fa,H
Azeez,1,z,ez,A
Lalasa,2,a,sa,L
Nitara,2,a,ra,N
Shiuli,2,i,li,S
Manini,2,i,ni,M
Banhishikha,2,a,ha,B
Lola,2,a,la,L
Soumyakanti,1,i,ti,S
Niranjana,2,a,na,N
Subhagya,2,a,ya,S
Tejaswini,2,i,ni,T
Swapnali,2,i,li,S
Divyana,2,a,na,D
Karunamayi,2,i,yi,K
Samata,2,a,ta,S
Purnima,2,a,ma,P
Pankajadharini,2,i,ni,P
Nakshatra,1,a,ra,N
"Urmila, Urmil",2,l,il,U
Sashreek,1,k,ek,S
Tabassum,2,m,um,T
Nripesh,1,h,sh,N
Suvan,1,n,an,S
Muwafaq,1,q,aq,M
Shriyans,1,s,ns,S
Gagan,1,n,an,G
Bahuratna,2,a,na,B
Mandan,1,n,an,M
Dhanapriya,2,a,ya,D
Bharati,2,i,ti,B
Senmal,1,l,al,S
Gudakesha,1,a,ha,G
Magan,1,n,an,M
Sarvika,2,a,ka,S
Kasni,2,i,ni,K
Palaksi,2,i,si,P
Vyom,1,m,om,V
Sampatti,2,i,ti,S
Prabodh,1,h,dh,P
Wuar,1,r,ar,W
Gowri,2,i,ri,G
Tejashree,2,e,ee,T
Arindam,1,m,am,A
Ramkrishna,1,a,na,R
Jayita,2,a,ta,J
Saaras,1,s,as,S
Girindra,1,a,ra,G
Satyarupa,2,a,pa,S
Sangita,2,a,ta,S
Suresh,1,h,sh,S
Kirik,1,k,ik,K
Sacchidananda,1,a,da,S
Sarasija,1,a,ja,S
Jetashri,2,i,ri,J
Hiranya,1,a,ya,H
Alaknanda,2,a,da,A
Draupadi,2,i,di,D
Rasika,2,a,ka,R
Jashun,1,n,un,J
Namana,2,a,na,N
Shreya,2,a,ya,S
Haashim,1,m,im,H
Kuvalai,2,i,ai,K
Ojeeta,2,a,ta,O
Subrata,1,a,ta,S
Kausar,1,r,ar,K
Kamali,2,i,li,K
Baalaark,1,k,rk,B
"Simrit, Smrita",2,a,ta,S
Bandhini,2,i,ni,B
Pramod,1,d,od,P
Amodini,2,i,ni,A
Kanyana,2,a,na,K
Pushpak,1,k,ak,P
Zulfikar,1,r,ar,Z
Amoha,1,a,ha,A
Dharmanand,1,d,nd,D
Ruhi,2,i,hi,R
Rupika,2,a,ka,R
Ekapad,1,d,ad,E
Nauhar,1,r,ar,N
Anathi,2,i,hi,A
Haatim,1,m,im,H
Manasvi,2,i,vi,M
Karunakar,1,r,ar,K
Nikhita,2,a,ta,N
Prabuddha,1,a,ha,P
Zaina,2,a,na,Z
Ehimay,1,y,ay,E
Salaman,1,n,an,S
Santayani,2,i,ni,S
Moti,1,i,ti,M
Mallesh,1,h,sh,M
Parasmani,1,i,ni,P
Thangam,1,m,am,T
Padmashri,2,i,ri,P
Sanchaya,2,a,ya,S
Sadaf,2,f,af,S
Yuyutsu,1,u,su,Y
Kuvira,2,a,ra,K
Aradhana,2,a,na,A
Sahdev,1,v,ev,S
Haani,1,i,ni,H
Rupa,2,a,pa,R
Devadhipa,1,a,pa,D
Devan,1,n,an,D
Bibhas,1,s,as,B
Shalaka,2,a,ka,S
Manjistha,2,a,ha,M
Keerthana,2,a,na,K
Vibhat,1,t,at,V
Babitha,2,a,ha,B
Bankim,1,m,im,B
Nalina,2,a,na,N
Revati,2,i,ti,R
Trishala,2,a,la,T
Akshar,1,r,ar,A
Vishala,2,a,la,V
Prashanta,1,a,ta,P
Indrakanta,1,a,ta,I
Tanav,1,v,av,T
Jagan,1,n,an,J
Sakhi,2,i,hi,S
Ratnangi,2,i,gi,R
Akshita,2,a,ta,A
ThenMoli,2,i,li,T
Safia,2,a,ia,S
Iyla,2,a,la,I
Sultan,1,n,an,S
Bhuvana,2,a,na,B
Eshani,2,i,ni,E
Anshula,2,a,la,A
Malina,2,a,na,M
Swasti,2,i,ti,S
Gourishankar,1,r,ar,G
Jaipal,1,l,al,J
Khajit,1,t,it,K
Lochan,2,n,an,L
Amani,2,i,ni,A
Sukumari,2,i,ri,S
Barun,1,n,un,B
Nairit,1,t,it,N
Anuprabha,2,a,ha,A
Dhanvant,1,t,nt,D
Aditya,1,a,ya,A
Gulika,2,a,ka,G
Hanan,1,n,an,H
Tanvir,1,r,ir,T
Haaroon,1,n,on,H
Triya,2,a,ya,T
Santosh,1,h,sh,S
Sambaran,1,n,an,S
Pratitha,2,a,ha,P
Gayanthika,2,a,ka,G
Vilina,2,a,na,V
Ashna,2,a,na,A
Deepashikha,2,a,ha,D
Oorja,2,a,ja,O
Anuragini,2,i,ni,A
Markandeya,1,a,ya,M
Chaman,2,n,an,C
Shefali,2,i,li,S
Dharmaditya,1,a,ya,D
Smriti,2,i,ti,S
Puru,1,u,ru,P
Kusum,2,m,um,K
Chaitaly,2,y,ly,C
Ilisha,2,a,ha,I
Ottakoothan,1,n,an,O
Jeevika,2,a,ka,J
Eesha,2,a,ha,E
Gajanan,1,n,an,G
Dhiraj,1,j,aj,D
Sanjivan,1,n,an,S
Fadheela,2,a,la,F
Hridaynath,1,h,th,H
Janav,1,v,av,J
Shashishekhar,1,r,ar,S
Udyan,1,n,an,U
Sukthi,2,i,hi,S
Dwipavati,2,i,ti,D
Netra,2,a,ra,N
Trilochana,2,a,na,T
Pranita,2,a,ta,P
Rohitasva,1,a,va,R
Kamalkali,2,i,li,K
Nirbhay,1,y,ay,N
Omeshwar,1,r,ar,O
Madan,1,n,an,M
Shraddha,2,a,ha,S
Dwijesh,1,h,sh,D
Pyaremohan,1,n,an,P
Nabendu,1,u,du,N
Trambak,1,k,ak,T
Kundan,2,n,an,K
Pujesh,1,h,sh,P
Vidyasagar,1,r,ar,V
Madhuksara,2,a,ra,M
Suvarnarekha,2,a,ha,S
Wali,1,i,li,W
Vishnumaya,2,a,ya,V
Harshika,2,a,ka,H
Harshaman,1,n,an,H
Keva,2,a,va,K
Pukhraj,1,j,aj,P
Mangai,2,i,ai,M
Padmanabha,1,a,ha,P
Hasita,2,a,ta,H
Kiran,2,n,an,K
Charumati,2,i,ti,C
Nirad,1,d,ad,N
Jakarious,1,s,us,J
Lajjawati,2,i,ti,L
Antara,2,a,ra,A
Dayashankar,1,r,ar,D
Qudamah,1,h,ah,Q
Sudeepa,2,a,pa,S
Rajendramohan,1,n,an,R
Niket,1,t,et,N
Kayalvili,2,i,li,K
Gokul,1,l,ul,G
Suvimal,1,l,al,S
Savitri,2,i,ri,S
Nithik,1,k,ik,N
Raji,2,i,ji,R
"Bhavana, Bhavna",2,a,na,B
Basavaraj,1,j,aj,B
Sulalita,2,a,ta,S
Minati,2,i,ti,M
Kavi,1,i,vi,K
Shashimohan,1,n,an,S
Madhumita,2,a,ta,M
Prachur,1,r,ur,P
Bahuleya,1,a,ya,B
Chandalini,2,i,ni,C
Dharmachandra,1,a,ra,D
Induleksh,2,h,sh,I
Harishchandra,1,a,ra,H
Kamran,1,n,an,K
Umaprasad,1,d,ad,U
Nayan,1,n,an,N
Ojas,1,s,as,O
Ragini,2,i,ni,R
Irfan,1,n,an,I
Taruntapan,1,n,an,T
Dharmendra,1,a,ra,D
Mehal,2,l,al,M
Vikram,1,m,am,V
Talikha,2,a,ha,T
Komal,2,l,al,K
Kshirja,2,a,ja,K
Rudra,1,a,ra,R
Qutub,1,b,ub,Q
Kuldeep,1,p,ep,K
Koormadhi,1,i,hi,K
Shakuntala,2,a,la,S
Devalekha,2,a,ha,D
Saurabh,1,h,bh,S
Vedprakash,1,h,sh,V
Ishit,1,t,it,I
Mutholi,2,i,li,M
Dharanidhar,1,r,ar,D
Vela,2,a,la,V
Ekambar,1,r,ar,E
Kavita,2,a,ta,K
Rajyeshwar,1,r,ar,R
Sevak,1,k,ak,S
Kundanlal,1,l,al,K
Darshana,2,a,na,D
Sengannan,1,n,an,S
Alabhya,1,a,ya,A
Raghuram,1,m,am,R
Suranjana,2,a,na,S
Vidyadhar,1,r,ar,V
Chandrakishore,1,e,re,C
Sumantra,1,a,ra,S
Arshia,2,a,ia,A
Dhanya,2,a,ya,D
Jagad,1,d,ad,J
Dyuti,2,i,ti,D
Farid,1,d,id,F
Bhadranidhi,1,i,hi,B
Chaanakya,1,a,ya,C
Ishika,2,a,ka,I
Vibhore,1,e,re,V
Rolee,2,e,ee,R
Ulhas,1,s,as,U
Asavari,2,i,ri,A
Palashranjan,1,n,an,P
"Durva, Durba",2,a,ba,D
Bhaumik,1,k,ik,B
Menaka,2,a,ka,M
Egaiarasu,1,u,su,E
Lokajit,1,t,it,L
Glen,1,n,en,G
SivaSankari,2,i,ri,S
Mukul,1,l,ul,M
Dyutit,1,t,it,D
Navneeta,2,a,ta,N
Snehanshn,1,n,hn,S
"Amitabha, Amitav",1,v,av,A
Thangavel,1,l,el,T
Gajendra,1,a,ra,G
Krishnala,1,a,la,K
Vidyadhara,1,a,ra,V
Prithu,1,u,hu,P
Sragvibhushan,1,n,an,S
Madhuja,2,a,ja,M
Samanvaya,1,a,ya,S
Baruni,2,i,ni,B
Aamrapali,2,i,li,A
Nanda,2,a,da,N
Gandharika,2,a,ka,G
Chitral,1,l,al,C
Tilak,1,k,ak,T
Hakesh,1,h,sh,H
Manmohan,1,n,an,M
Saheli,2,i,li,S
Vinutha,2,a,ha,V
Bhagyanandana,1,a,na,B
Roshan,1,n,an,R
Keshika,2,a,ka,K
Sawini,2,i,ni,S
Ranvitha,2,a,ha,R
Aijaz,1,z,az,A
Vama,2,a,ma,V
Indumati,2,i,ti,I
Rusham,2,m,am,R
Mahavir,1,r,ir,M
Hariram,1,m,am,H
Vishaya,2,a,ya,V
Aabha,2,a,ha,A
Anshumat,1,t,at,A
Jaisukh,1,h,kh,J
Shekhar,2,r,ar,S
Ramita,2,a,ta,R
Hema,2,a,ma,H
Anamika,2,a,ka,A
Devadatta,1,a,ta,D
Chittesh,1,h,sh,C
Stavita,2,a,ta,S
Sameena,2,a,na,S
Sachin,1,n,in,S
Jagannath,1,h,th,J
Annapurna,2,a,na,A
Indratha,2,a,ha,I
Adit,1,t,it,A
Chiranjeev,1,v,ev,C
Badri,1,i,ri,B
Saral,1,l,al,S
Dheivamani,1,i,ni,D
Hridayanand,1,d,nd,H
"Vijendra, Vijanyendra",1,a,ra,V
Girija,2,a,ja,G
Krishanu,1,u,nu,K
Adrisa,2,a,sa,A
Deepit,1,t,it,D
Poshika,2,a,ka,P
Ahladitha,2,a,ha,A
Jigya,2,a,ya,J
Chitragupta,1,a,ta,C
Padmakali,2,i,li,P
Ketki,2,i,ki,K
Ishwari,2,i,ri,I
Shaktidhar,1,r,ar,S
Janak,1,k,ak,J
Praveena,2,a,na,P
Krishnadeva,1,a,va,K
Sarat,1,t,at,S
Yuvaraani,2,i,ni,Y
Lukesh,1,h,sh,L
Jeevankala,2,a,la,J
Naima,2,a,ma,N
Samarendu,1,u,du,S
Agendra,1,a,ra,A
Jagesh,1,h,sh,J
Dhikshit,1,t,it,D
Naadir,1,r,ir,N
Suvarnmala,2,a,la,S
Kunjal,2,l,al,K
Taj,1,j,aj,T
Deeptimoyee,2,e,ee,D
Harkrishna,1,a,na,H
Grahish,1,h,sh,G
Sadaiappan,1,n,an,S
Navita,2,a,ta,N
Matangi,2,i,gi,M
Sameen,1,n,en,S
"Aseem, Ashim",1,m,im,A
Ishya,2,a,ya,I
Khyath,2,h,th,K
Vishnu,1,u,nu,V
Anjalika,2,a,ka,A
Yashodhara,1,a,ra,Y
Lata,2,a,ta,L
Neha,2,a,ha,N
Rasik,1,k,ik,R
Gurmeet,1,t,et,G
Kalipada,1,a,da,K
Venu,1,u,nu,V
Dhatri,2,i,ri,D
Nabhanyu,1,u,yu,N
Abhimanyusuta,1,a,ta,A
Naamagal,2,l,al,N
Megha,2,a,ha,M
Talleen,1,n,en,T
Pallavini,2,i,ni,P
Omar,1,r,ar,O
Vidhi,2,i,hi,V
Rochan,1,n,an,R
Arshad,1,d,ad,A
Samarth,1,h,th,S
Atmaja,2,a,ja,A
Aesha,2,a,ha,A
Mithun,1,n,un,M
Ekavali,2,i,li,E
Brijmohan,1,n,an,B
Deepa,2,a,pa,D
Mannith,1,h,th,M
Deepti,2,i,ti,D
Aapti,2,i,ti,A
Kusumakar,1,r,ar,K
Vengai,1,i,ai,V
Lipika,2,a,ka,L
Hashmat,1,t,at,H
Yash,1,h,sh,Y
Naishada,2,a,da,N
Oni,1,i,ni,O
Meru,1,u,ru,M
Ilamparidhi,1,i,hi,I
Japendra,1,a,ra,J
Lakshmibanta,1,a,ta,L
Vinay,1,y,ay,V
Jalad,1,d,ad,J
Upamanyu,1,u,yu,U
Bansari,2,i,ri,B
Gira,2,a,ra,G
Rani,2,i,ni,R
Gandhi,1,i,hi,G
Viral,1,l,al,V
Rabia,2,a,ia,R
Swarupa,2,a,pa,S
Udipti,2,i,ti,U
Raveena,2,a,na,R
Devendra,1,a,ra,D
Vilok,1,k,ok,V
Ila,2,a,la,I
Chandratara,2,a,ra,C
Mahanidhi,1,i,hi,M
Nischith,1,h,th,N
Kalicharan,1,n,an,K
Tarachand,1,d,nd,T
Chandanika,2,a,ka,C
Khazana,1,a,na,K
Kathith,1,h,th,K
Ilaiyavan,1,n,an,I
Avkash,1,h,sh,A
Katran,1,n,an,K
Nishita,1,a,ta,N
Khadim,1,m,im,K
Nabha,2,a,ha,N
Anay,1,y,ay,A
Ratnavali,2,i,li,R
Adi-Shakti,2,i,ti,A
Srujana,2,a,na,S
Pushpita,2,a,ta,P
Raghu,1,u,hu,R
Niral,2,l,al,N
Kirtana,2,a,na,K
Samrithi,2,i,hi,S
Yashwant,1,t,nt,Y
Gadin,1,n,in,G
Surama,2,a,ma,S
Mahmud,1,d,ud,M
Nami,2,i,mi,N
Saunak,1,k,ak,S
Rahas,1,s,as,R
Pranit,1,t,it,P
Acaryatanaya,1,a,ya,A
Aamaal,2,l,al,A
Nityananda,1,a,da,N
Baridbaran,1,n,an,B
Yuktha,2,a,ha,Y
Waheeda,2,a,da,W
Rutva,1,a,va,R
Bindumathi,2,i,hi,B
Vritti,2,i,ti,V
Chandrachur,1,r,ur,C
Acarya,1,a,ya,A
Angarika,2,a,ka,A
Snehin,1,n,in,S
Bratindra,1,a,ra,B
Ayushman,1,n,an,A
Imtiaz,1,z,az,I
Sanchita,2,a,ta,S
Aahna,2,a,na,A
Yajna,2,a,na,Y
Chinnadurai,1,i,ai,C
Neelmani,1,i,ni,N
Hemendra,1,a,ra,H
Salma,2,a,ma,S
Mrudani,2,i,ni,M
Chandrabali,2,i,li,C
Raheem,1,m,em,R
Avanindra,1,a,ra,A
Pashupriya,2,a,ya,P
Chitrabhanu,1,u,nu,C
Neelakshi,2,i,hi,N
Gurdeep,1,p,ep,G
Sadhana,2,a,na,S
Yogita,2,a,ta,Y
Meena,2,a,na,M
Bhargavi,2,i,vi,B
Darpan,1,n,an,D
Bhagwanti,2,i,ti,B
Manavendra,1,a,ra,M
Adwita,2,a,ta,A
Subhan,1,n,an,S
Zahra,2,a,ra,Z
Sucheta,2,a,ta,S
Videsh,1,h,sh,V
Gangesh,1,h,sh,G
Deepika,2,a,ka,D
Mehul,1,l,ul,M
Devnath,1,h,th,D
Mukul,2,l,ul,M
Aashay,1,y,ay,A
Koyel,2,l,el,K
Anil,1,l,il,A
Kashyap,1,p,ap,K
Harsha Vardhini,2,i,ni,H
Tarik,1,k,ik,T
Megha,1,a,ha,M
Sachit,1,t,it,S
Bhadrang,1,g,ng,B
Ashok,1,k,ok,A
Tilaka,2,a,ka,T
Somansh,1,h,sh,S
Ritvik,1,k,ik,R
Divyendu,1,u,du,D
Chaaruhaas,1,s,as,C
Huda,1,a,da,H
Cholan,1,n,an,C
Ninad,1,d,ad,N
Brahamjeet,1,t,et,B
Chakor,1,r,or,C
Mrinmayi,2,i,yi,M
Shachin,1,n,in,S
Banani,2,i,ni,B
Naviya,2,a,ya,N
Zaafira,2,a,ra,Z
Madhav,1,v,av,M
Dwijaraj,1,j,aj,D
Vagdevi,2,i,vi,V
Sabita,2,a,ta,S
Ishi,2,i,hi,I
Ilamporai,1,i,ai,I
Ayushi,2,i,hi,A
Sundari,2,i,ri,S
Manjyot,2,t,ot,M
Lakhi,2,i,hi,L
Phenil,1,l,il,P
Prachi,2,i,hi,P
Mohul,1,l,ul,M
Poornakamala,2,a,la,P
Sukhamay,1,y,ay,S
Arokya,1,a,ya,A
Siddharth,1,h,th,S
Chiti,2,i,ti,C
Hrithik,1,k,ik,H
Sundha,2,a,ha,S
Pinakini,2,i,ni,P
Shevantilal,1,l,al,S
Fanishwar,1,r,ar,F
Oma,1,a,ma,O
Oparna,2,a,na,O
Ilakkiya,2,a,ya,I
Kaunteya,1,a,ya,K
Shankha,1,a,ha,S
Gopa,2,a,pa,G
Kavan,1,n,an,K
Vilas,1,s,as,V
Rajanya,1,a,ya,R
Zakiy,1,y,iy,Z
Kaaliya,1,a,ya,K
Garima,2,a,ma,G
Tapasendra,1,a,ra,T
Shambhavi,2,i,vi,S
Milind,1,d,nd,M
Sadiqua,2,a,ua,S
Mandith,1,h,th,M
Devamati,2,i,ti,D
Harjeet,1,t,et,H
Pavitra,1,a,ra,P
Utkarsha,1,a,ha,U
Ghalib,1,b,ib,G
Inayat,2,t,at,I
Namita,2,a,ta,N
Manonith,1,h,th,M
Abhiraj,1,j,aj,A
Hariganga,2,a,ga,H
Manjira,2,a,ra,M
Mudrika,2,a,ka,M
Parashar,1,r,ar,P
Arav,1,v,av,A
Harshitha,2,a,ha,H
Nalini,2,i,ni,N
Odathi,2,i,hi,O
Soumya,2,a,ya,S
Sunayana,2,a,na,S
Jagadishwara,1,a,ra,J
Rishika,2,a,ka,R
Geena,2,a,na,G
Esha,2,a,ha,E
Quamar,1,r,ar,Q
Apsara,2,a,ra,A
Sarada,2,a,da,S
Chaitali,2,i,li,C
Rasul,1,l,ul,R
Bahumanya,1,a,ya,B
Haresh,1,h,sh,H
Kiranmay,1,y,ay,K
Sevati,2,i,ti,S
Jehannaz,2,z,az,J
Achintya,1,a,ya,A
Vrajakishore,1,e,re,V
Manjulika,2,a,ka,M
Harikanth,1,h,th,H
Narayani,2,i,ni,N
Parantapa,1,a,pa,P
Purva,2,a,va,P
Brahmabrata,1,a,ta,B
Shailendra,1,a,ra,S
Suhrita,2,a,ta,S
Shilpa,2,a,pa,S
Manjushri,2,i,ri,M
Ashis,2,s,is,A
Keshav,1,v,av,K
Renuka,2,a,ka,R
Shama,2,a,ma,S
Shariq,1,q,iq,S
Padmakshi,2,i,hi,P
Abdul-Haseeb,1,b,eb,A
Ramanuja,1,a,ja,R
Mandeep,1,p,ep,M
Mohini,2,i,ni,M
Indumukhi,2,i,hi,I
Urmi,2,i,mi,U
Faatina,2,a,na,F
Snehalata,2,a,ta,S
Haritbaran,1,n,an,H
Sheetal,1,l,al,S
Kanishka,1,a,ka,K
Wamika,2,a,ka,W
Pransukh,1,h,kh,P
Chaaruchandra,1,a,ra,C
Priyasha,2,a,ha,P
Vrajamohan,1,n,an,V
Pranauthi,2,i,hi,P
Meghnad,1,d,ad,M
Izhar,1,r,ar,I
Nabhas,1,s,as,N
Mohajit,1,t,it,M
Sarasi,2,i,si,S
Ashwini,2,i,ni,A
Umika,2,a,ka,U
Dhanajit,1,t,it,D
Sudhanshu,1,u,hu,S
Sourish,1,h,sh,S
Sukumar,1,r,ar,S
Vihaan,1,n,an,V
Radhana,2,a,na,R
"Simran, Smaram",2,m,am,S
Hansa,2,a,sa,H
Utpala,2,a,la,U
Kiran,1,n,an,K
Naathim,1,m,im,N
Abhinava,1,a,va,A
Shagufta,2,a,ta,S
Dhanraj,1,j,aj,D
Jaafar,1,r,ar,J
Vatsa,1,a,sa,V
Yamajith,1,h,th,Y
Manaal,1,l,al,M
Prabhada,2,a,da,P
Paavai,2,i,ai,P
Lokranjan,1,n,an,L
Vaidyanaath,1,h,th,V
Chhabi,2,i,bi,C
Nitima,2,a,ma,N
Fahad,1,d,ad,F
Adityavardhana,1,a,na,A
Manvik,1,k,ik,M
Punyasloka,1,a,ka,P
Chitrani,2,i,ni,C
Meghdutt,1,t,tt,M
Paramhansa,1,a,sa,P
Bitasok,1,k,ok,B
Snigdha,2,a,ha,S
Puja,2,a,ja,P
Bandhul,1,l,ul,B
Neeti,2,i,ti,N
Niraj,1,j,aj,N
Chemmal,1,l,al,C
Punarnava,2,a,va,P
Naina,2,a,na,N
Bikram,1,m,am,B
Anugya,1,a,ya,A
Dhritiman,1,n,an,D
Takshak,1,k,ak,T
Balachandrav,1,v,av,B
Triparna,2,a,na,T
Tanaya,2,a,ya,T
Nishi,2,i,hi,N
Kanchana,2,a,na,K
Baijayanthi,2,i,hi,B
Devajyoti,1,i,ti,D
Narahari,1,i,ri,N
Udiramalara,2,a,ra,U
Jinendra,1,a,ra,J
Rohana,2,a,na,R
Debanshi,2,i,hi,D
Shubhashis,1,s,is,S
Suhitha,2,a,ha,S
Hasumati,2,i,ti,H
Champakmala,2,a,la,C
Tejomay,1,y,ay,T
Sudhi,1,i,hi,S
Manish,1,h,sh,M
Maina,2,a,na,M
Madanapal,1,l,al,M
Vanhi,2,i,hi,V
Achala,2,a,la,A
Vibhu,1,u,hu,V
Cyril,1,l,il,C
Indrasuta,1,a,ta,I
Pramiti,2,i,ti,P
Manikuntala,2,a,la,M
Nabhomani,1,i,ni,N
Nakshatra,2,a,ra,N
Rajata,2,a,ta,R
Mallikarjuna,1,a,na,M
Pritilata,2,a,ta,P
Sagari,2,i,ri,S
Navadurga,2,a,ga,N
Wajid,1,d,id,W
Muthunagai,2,i,ai,M
Pravar,1,r,ar,P
Abhyagni,1,i,ni,A
Rukma,2,a,ma,R
Kapalini,2,i,ni,K
Ishrat,1,t,at,I
Vipula,2,a,la,V
Vipul,1,l,ul,V
Rajnish,1,h,sh,R
Tehzeeb,2,b,eb,T
Subhashini,2,i,ni,S
Mustafa,1,a,fa,M
Pallav,1,v,av,P
Swarnalata,2,a,ta,S
Sujay,1,y,ay,S
Vibhuti,2,i,ti,V
Ekadhana,2,a,na,E
Someshwar,1,r,ar,S
Devang,1,g,ng,D
Hammad,1,d,ad,H
Shivshankar,1,r,ar,S
Pravir,1,r,ir,P
Panduranga,1,a,ga,P
Gulzarilal,1,l,al,G
Chandrakirthi,1,i,hi,C
Bhavini,2,i,ni,B
Triguni,2,i,ni,T
Deeptendu,1,u,du,D
Martanda,1,a,da,M
Ranhitha,2,a,ha,R
Anjum,1,m,um,A
Satyaprakash,1,h,sh,S
Hurditya,1,a,ya,H
Purvaja,2,a,ja,P
Tula,1,a,la,T
Jayitri,2,i,ri,J
Natkuna,2,a,na,N
Nagaraj,1,j,aj,N
Madhumalati,2,i,ti,M
Jayaprakash,1,h,sh,J
Manali,2,i,li,M
Ulka,2,a,ka,U
Tautik,1,k,ik,T
Yajat,1,t,at,Y
Pankti,2,i,ti,P
Sannidhi,2,i,hi,S
Devesh,1,h,sh,D
Teesta,2,a,ta,T
"Manisha, Mohisha",2,a,ha,M
Adwaya,1,a,ya,A
Hemangi,2,i,gi,H
Damini,2,i,ni,D
Abhinanda,1,a,da,A
Archit,1,t,it,A
Jagjeevan,1,n,an,J
Shrestha,2,a,ha,S
Kaveri,2,i,ri,K
Acanda,1,a,da,A
Chetana,2,a,na,C
Subash,1,h,sh,S
Sur,1,r,ur,S
Nabhoj,1,j,oj,N
Vineeta,2,a,ta,V
Purandar,1,r,ar,P
Nilima,2,a,ma,N
Lalan,2,n,an,L
Nripa,1,a,pa,N
Vaanadhi,2,i,hi,V
Yuvati,2,i,ti,Y
Madhuk,1,k,uk,M
Neeta,2,a,ta,N
Kuval,1,l,al,K
Trigun,1,n,un,T
Danuj,1,j,uj,D
Panchali,2,i,li,P
Sudhith,1,h,th,S
Narayan,1,n,an,N
Naganika,2,a,ka,N
Poonam,2,m,am,P
Shuddhashil,1,l,il,S
Pulin,1,n,in,P
Parvatinandan,1,n,an,P
Dev,1,v,ev,D
Sharadini,2,i,ni,S
Vishalakshi,2,i,hi,V
Sandhya,2,a,ya,S
Yadukumara,1,a,ra,Y
Maruti,1,i,ti,M
Chirayu,1,u,yu,C
Madhurima,2,a,ma,M
Sharadindu,1,u,du,S
Shuchismita,2,a,ta,S
Aishani,2,i,ni,A
Adishree,2,e,ee,A
Gangika,2,a,ka,G
Malarvendan,1,n,an,M
Swatantar,1,r,ar,S
Diti,2,i,ti,D
Zaafir,1,r,ir,Z
Dayita,2,a,ta,D
Kalandhika,2,a,ka,K
Ratnalekha,2,a,ha,R
Thayanban,1,n,an,T
Vibhas,1,s,as,V
Siddhima,2,a,ma,S
Naman,1,n,an,N
Rupeshwari,2,i,ri,R
Yaalini,2,i,ni,Y
Haleema,2,a,ma,H
Phiroza,2,a,za,P
Gurpraveen,2,n,en,G
Fakhry,1,y,ry,F
Chandrakiran,1,n,an,C
Vishram,1,m,am,V
Laalamani,2,i,ni,L
Ramkishore,1,e,re,R
Paresh,1,h,sh,P
Shrikanta,1,a,ta,S
Mrigankasekhar,1,r,ar,M
Yaduvir,1,r,ir,Y
Harshad,1,d,ad,H
Gayatri,2,i,ri,G
Megh,1,h,gh,M
Amlankusum,1,m,um,A
Iri,1,i,ri,I
Vanshika,2,a,ka,V
Japan,1,n,an,J
Zannat,2,t,at,Z
Yaalisai,2,i,ai,Y
Gayana,2,a,na,G
Marut,1,t,ut,M
Kantilal,1,l,al,K
Faiyaz,1,z,az,F
Omkarnath,1,h,th,O
Vanalakshmi,2,i,mi,V
Milika,2,a,ka,M
Ranajay,1,y,ay,R
Yogesh,1,h,sh,Y
Hasmukh,1,h,kh,H
Mujeeb,1,b,eb,M
Jyotsna,2,a,na,J
Srujanika,2,a,ka,S
Ishani,2,i,ni,I
Ellu,1,u,lu,E
Madira,2,a,ra,M
Pooja,2,a,ja,P
Shantashil,1,l,il,S
Saipraasad,1,d,ad,S
Radhika,2,a,ka,R
Srivas,1,s,as,S
Nathan,1,n,an,N
Srinika,2,a,ka,S
Shahid,1,d,id,S
Avatar,1,r,ar,A
Harihar,1,r,ar,H
Abhidha,2,a,ha,A
Manjunath,1,h,th,M
Nivritti,2,i,ti,N
Ekachith,1,h,th,E
Idaspati,1,i,ti,I
Vrishin,1,n,in,V
Gangol,1,l,ol,G
Rajendra,1,a,ra,R
Maagh,1,h,gh,M
Anula,2,a,la,A
Bhojaraja,1,a,ja,B
Drupad,1,d,ad,D
"Aftab,Aftaab",1,b,ab,A
Raman,1,n,an,R
"Amrit, Amrik",1,k,ik,A
Hritish,1,h,sh,H
Kusumesh,1,h,sh,K
Menmoli,2,i,li,M
Sphatika,2,a,ka,S
Rijul,1,l,ul,R
Shalmali,2,i,li,S
Nathin,1,n,in,N
Pugal,1,l,al,P
Saakaar,1,r,ar,S
Utalika,2,a,ka,U
Swati,2,i,ti,S
Muni,1,i,ni,M
Drishya,2,a,ya,D
Sitikantha,1,a,ha,S
Parveen,2,n,en,P
Vedavathi,2,i,hi,V
Raghunandan,1,n,an,R
Shravankumar,1,r,ar,S
Marichi,2,i,hi,M
Vikramajit,1,t,it,V
Satyavrata,1,a,ta,S
Iha,2,a,ha,I
Rohan,1,n,an,R
Krishnaroop,1,p,op,K
Ajamil,1,l,il,A
Vanhishikha,2,a,ha,V
Amanath,1,h,th,A
Omaja,2,a,ja,O
Prasun,1,n,un,P
Gul,2,l,ul,G
Samarendra,1,a,ra,S
Ghanendra,1,a,ra,G
Abhijna,2,a,na,A
Venkataraman,1,n,an,V
Xena,2,a,na,X
Yuvaraj,1,j,aj,Y
Bipasha,2,a,ha,B
Timir,1,r,ir,T
Gurumurthi,1,i,hi,G
Suhag,2,g,ag,S
Kshitija,2,a,ja,K
Krishna,2,a,na,K
Nagesh,1,h,sh,N
Vedmohan,1,n,an,V
Tanuka,2,a,ka,T
Thumri,2,i,ri,T
Tripta,2,a,ta,T
Lingan,1,n,an,L
Prbhavati,2,i,ti,P
Lajita,2,a,ta,L
Rubaina,2,a,na,R
Aashish,1,h,sh,A
Pavitra,2,a,ra,P
Sudarshana,2,a,na,S
Shyamangi,2,i,gi,S
Deepana,2,a,na,D
Kaishori,2,i,ri,K
Aashirya,2,a,ya,A
Gulzar,1,r,ar,G
Prakriti,1,i,ti,P
Sujan,1,n,an,S
Pavanaj,1,j,aj,P
Parni,2,i,ni,P
Saguna,2,a,na,S
Hanuman,1,n,an,H
Jamadagni,1,i,ni,J
Mithilesh,1,h,sh,M
Abhilasa,2,a,sa,A
Akash,1,h,sh,A
Udayachal,1,l,al,U
Kalakarni,2,i,ni,K
Surendra,1,a,ra,S
Palani,1,i,ni,P
Ibhya,1,a,ya,I
Sanchay,1,y,ay,S
Acaryasuta,1,a,ta,A
Rathika,2,a,ka,R
Mirium,2,m,um,M
Kamakya,2,a,ya,K
Prabhu,1,u,hu,P
Lavangi,2,i,gi,L
Thogai,2,i,ai,T
Dhyanesh,1,h,sh,D
Madhula,2,a,la,M
Mahipal,1,l,al,M
Mamraj,1,j,aj,M
Chahat,2,t,at,C
Kodhai,2,i,ai,K
Gyanada,2,a,da,G
Nabhi,1,i,hi,N
Govindi,2,i,di,G
Amogh,1,h,gh,A
Chandrika,2,a,ka,C
Vijayalaksmi,2,i,mi,V
Shashidhar,1,r,ar,S
"Ashwin, Asvin",1,n,in,A
Zeeshan,1,n,an,Z
Mahaniya,1,a,ya,M
Yuvika,2,a,ka,Y
Deveshwar,1,r,ar,D
Subinay,1,y,ay,S
Niramay,1,y,ay,N
Samhita,2,a,ta,S
Devachandra,1,a,ra,D
Mohit,1,t,it,M
Sudesh,1,h,sh,S
Dhansukh,1,h,kh,D
Onella,2,a,la,O
Rajdulari,1,i,ri,R
Urshita,2,a,ta,U
Vishal,1,l,al,V
Ekavir,1,r,ir,E
Hasanthi,2,i,hi,H
Thangarajan,1,n,an,T
Suketu,1,u,tu,S
Jerusha,2,a,ha,J
Usra,2,a,ra,U
Lagan,1,n,an,L
Abhimand,1,d,nd,A
Anavi,2,i,vi,A
Milan,1,n,an,M
Saanvi,2,i,vi,S
Kamaraja,1,a,ja,K
Pitambar,1,r,ar,P
Mahalakshmi,2,i,mi,M
Vallabhendra,1,a,ra,V
Nirav,1,v,av,N
"Omrao, Umrao",1,o,ao,O
Jagadbandu,1,u,du,J
Urna,2,a,na,U
Mandhatri,1,i,ri,M
Amitbikram,1,m,am,A
Nidhipa,2,a,pa,N
Raja,1,a,ja,R
Rukmini,2,i,ni,R
Fullara,2,a,ra,F
Akshath,1,h,th,A
Shadab,1,b,ab,S
Gurpreet,1,t,et,G
Swarnima,2,a,ma,S
Indu,2,u,du,I
Rituparna,2,a,na,R
Siddhartha,1,a,ha,S
Chakradev,1,v,ev,C
Induhasan,1,n,an,I
Gopichand,1,d,nd,G
Ujagar,1,r,ar,U
Nishok,1,k,ok,N
Aakash,1,h,sh,A
Kevalkishore,1,e,re,K
Amod,1,d,od,A
Hasina,2,a,na,H
Viveka,2,a,ka,V
Bhagyalakshmi,2,i,mi,B
Kareem,1,m,em,K
Dwaipayan,1,n,an,D
Gagana,2,a,na,G
Loknath,1,h,th,L
Paras,1,s,as,P
Abhidi,1,i,di,A
Vasanti,2,i,ti,V
Kantimoy,1,y,oy,K
Vedi,2,i,di,V
Shobha,2,a,ha,S
Charusheela,2,a,la,C
Suprabha,2,a,ha,S
Dishita,2,a,ta,D
Laasya,2,a,ya,L
Uttal,1,l,al,U
Charulata,2,a,ta,C
Paadini,2,i,ni,P
Suloch,2,h,ch,S
Arulchelvan,1,n,an,A
Hansika,2,a,ka,H
Sushil,1,l,il,S
Dhanesh,1,h,sh,D
Mayanka,1,a,ka,M
Manasyu,1,u,yu,M
Archa,2,a,ha,A
Trivid,1,d,id,T
Nisita,2,a,ta,N
Abhivira,1,a,ra,A
Akroor,1,r,or,A
Ekakshara,1,a,ra,E
Valli,2,i,li,V
Omala,2,a,la,O
Husna,2,a,na,H
Jaibhusana,1,a,na,J
Yashpal,1,l,al,Y
Sandeep,1,p,ep,S
Deeba,2,a,ba,D
Kamika,2,a,ka,K
Maitreya,1,a,ya,M
Champabati,2,i,ti,C
Shariba,2,a,ba,S
Kerani,2,i,ni,K
Kakoli,2,i,li,K
Lakshita,2,a,ta,L
Cole,1,e,le,C
Olikodi,2,i,di,O
Radhak,1,k,ak,R
Dulari,2,i,ri,D
Subal,1,l,al,S
Uddhar,1,r,ar,U
Vaagai,2,i,ai,V
Upendra,1,a,ra,U
Dilshad,2,d,ad,D
Raghuvir,1,r,ir,R
Ardhendu,1,u,du,A
Binal,2,l,al,B
Gaganjyot,1,t,ot,G
Mallika,2,a,ka,M
Trinayani,2,i,ni,T
Sharmila,2,a,la,S
Padmapati,1,i,ti,P
Ganaka,1,a,ka,G
Bhairavi,2,i,vi,B
Samiran,1,n,an,S
Sikta,2,a,ta,S
Chirtrang,1,g,ng,C
Dhananjay,1,y,ay,D
Rupashri,2,i,ri,R
Ishayu,1,u,yu,I
Sushila,2,a,la,S
Chamanlal,1,l,al,C
Mahir,1,r,ir,M
Bakul,2,l,ul,B
Somdev,1,v,ev,S
Uddhav,1,v,av,U
Indukala,2,a,la,I
Indratan,1,n,an,I
Swagata,2,a,ta,S
Qaisar,1,r,ar,Q
Indrani,2,i,ni,I
Dharmpal,1,l,al,D
Fareed,1,d,ed,F
Bhakti,2,i,ti,B
Tanushri,2,i,ri,T
Nagina,2,a,na,N
Ish,1,h,sh,I
Senthamarai,1,i,ai,S
Samantha,1,a,ha,S
Omisha,2,a,ha,O
VeeraSundari,2,i,ri,V
Sanjana,2,a,na,S
Guruprasad,1,d,ad,G
Rajivini,2,i,ni,R
Rajasi,2,i,si,R
Eshwar,1,r,ar,E
Gathika,2,a,ka,G
Yadva,2,a,va,Y
Suryabhan,1,n,an,S
Gajrup,1,p,up,G
Peeyush,1,h,sh,P
Inika,2,a,ka,I
"Bela, Beli",2,i,li,B
Praver,1,r,er,P
Chaitra,2,a,ra,C
Nishtha,2,a,ha,N
Devarya,1,a,ya,D
Prasad,1,d,ad,P
Chidananda,1,a,da,C
Salena,2,a,na,S
Sujash,1,h,sh,S
Manjusha,2,a,ha,M
Chandrabhaga,2,a,ga,C
Mainak,1,k,ak,M
Salarjung,1,g,ng,S
Arivoli,1,i,li,A
Geeti,2,i,ti,G
Shobhana,2,a,na,S
Hiranmayi,2,i,yi,H
Mahamaya,2,a,ya,M
Shrijani,2,i,ni,S
Dhinakar,1,r,ar,D
Chanakya,1,a,ya,C
Kumkum,2,m,um,K
Shibani,2,i,ni,S
Fazeela,2,a,la,F
Sayed,1,d,ed,S
Deepabali,2,i,li,D
Mridula,2,a,la,M
Sanjay,1,y,ay,S
Debashish,1,h,sh,D
Neeraf,1,f,af,N
Yadunath,1,h,th,Y
Jograj,1,j,aj,J
Aadita,2,a,ta,A
Ipsita,2,a,ta,I
Kesari,2,i,ri,K
Sambhddha,1,a,ha,S
Granthik,1,k,ik,G
Manoranjan,1,n,an,M
Ruhin,2,n,in,R
"Vaishavi, Vaishnodevi",2,i,vi,V
Mukunda,1,a,da,M
Ayaan,1,n,an,A
Medha,2,a,ha,M
Baasim,1,m,im,B
Sabal,1,l,al,S
Faakhir,1,r,ir,F
Lucia,2,a,ia,L
Jaikrishna,1,a,na,J
Tajdar,1,r,ar,T
Dayakara,1,a,ra,D
Banamala,2,a,la,B
Poorna,2,a,na,P
Aashinya,2,a,ya,A
Akhila,2,a,la,A
Neelambar,1,r,ar,N
Anya,2,a,ya,A
Nandin,1,n,in,N
Bahiy Udeen,1,n,en,B
Elango,1,o,go,E
Anindita,2,a,ta,A
Hina,2,a,na,H
Aakriti,2,i,ti,A
Vidur,1,r,ur,V
Sibani,2,i,ni,S
Omkari,2,i,ri,O
Nuzha,2,a,ha,N
Jayaprabha,2,a,ha,J
Ilavenil,1,l,il,I
Dheer,1,r,er,D
Rithul,1,l,ul,R
Malika,2,a,ka,M
Vaachaspati,1,i,ti,V
Suranjan,1,n,an,S
Nila,2,a,la,N
Bhuvanesh,1,h,sh,B
Pritam,1,m,am,P
Shrimati,2,i,ti,S
Pia,2,a,ia,P
Savitendra,1,a,ra,S
Madhusudan,1,n,an,M
Raghupati,1,i,ti,R
Shobhita,2,a,ta,S
Atasi,2,i,si,A
Kalinga,1,a,ga,K
Udgita,2,a,ta,U
Raghunath,1,h,th,R
Akshaya,2,a,ya,A
Mandin,1,n,in,M
Oppilmani,1,i,ni,O
Dev Kumar,1,r,ar,D
Aslesh,1,h,sh,A
Mihir,1,r,ir,M
Navaneeta,2,a,ta,N
Pulakesh,1,h,sh,P
Shweta,2,a,ta,S
Pranjivan,1,n,an,P
Vaidehi,2,i,hi,V
Rakshan,1,n,an,R
Aadesh,1,h,sh,A
"Balvindra, Balvinder",1,r,er,B
Shambhu,1,u,hu,S
Ranita,2,a,ta,R
Abeer,1,r,er,A
Sudarshan,1,n,an,S
Prabhas,1,s,as,P
Kanaklata,2,a,ta,K
Ubika,2,a,ka,U
Mahitha,2,a,ha,M
Supratim,1,m,im,S
Agrima,2,a,ma,A
Vanajit,1,t,it,V
Syamantak,1,k,ak,S
Shaswati,2,i,ti,S
Anunay,1,y,ay,A
Atralarasu,1,u,su,A
Adhita,1,a,ta,A
Talib,1,b,ib,T
Pushpanjali,2,i,li,P
Vani,2,i,ni,V
Sambit,1,t,it,S
Anahita,2,a,ta,A
Shulka,2,a,ka,S
Nisha,2,a,ha,N
Qadir,1,r,ir,Q
Baisakhi,2,i,hi,B
Bhanavi,2,i,vi,B
Divena,2,a,na,D
Singaravelan,1,n,an,S
Diksha,2,a,ha,D
Abhinabhas,1,s,as,A
Tapas,1,s,as,T
Aditha,2,a,ha,A
Reema,2,a,ma,R
Nikhila,2,a,la,N
Asmita,2,a,ta,A
Mayuri,2,i,ri,M
Deepaprabha,2,a,ha,D
Sadgati,2,i,ti,S
Dwaaraka-nath,1,h,th,D
Virupaksa,1,a,sa,V
Asgar,1,r,ar,A
Shrilekha,2,a,ha,S
Sumitra,1,a,ra,S
Gitali,2,i,li,G
Henna,2,a,na,H
Harivansh,1,h,sh,H
Anjali,2,i,li,A
Kinshuk,1,k,uk,K
Sanchali,2,i,li,S
Manana,2,a,na,M
Aashalatha,2,a,ha,A
Ayesha,2,a,ha,A
Partha,1,a,ha,P
Ekaksha,1,a,ha,E
Nirijhar,1,r,ar,N
Sukanya,2,a,ya,S
Amara,2,a,ra,A
Ranajit,1,t,it,R
Triyama,2,a,ma,T
Harinarayan,1,n,an,H
Suhela,2,a,la,S
Arka,1,a,ka,A
Somansh,2,h,sh,S
Nabhith,1,h,th,N
Gunasundari,2,i,ri,G
Asgari,2,i,ri,A
Sunil,1,l,il,S
Poushali,2,i,li,P
Subhadra,2,a,ra,S
Riyaz,1,z,az,R
Alagarasu,1,u,su,A
Adarsha,2,a,ha,A
Anurati,2,i,ti,A
"Prakash, Parkash",1,h,sh,P
Namasyu,1,u,yu,N
Savita,2,a,ta,S
Chandika,2,a,ka,C
Kripal,1,l,al,K
Mithra,2,a,ra,M
Aaradhya,2,a,ya,A
"Amin, Ameen",1,n,en,A
Ambuj,1,j,uj,A
Pratima,2,a,ma,P
Gunjika,2,a,ka,G
Krishnachandra,1,a,ra,K
Kalika,2,a,ka,K
Nabhya,2,a,ya,N
Indrasena,2,a,na,I
Harshil,1,l,il,H
Suryashankar,1,r,ar,S
"Ananda, Anand",1,d,nd,A
Nakul,1,l,ul,N
Sanjan,1,n,an,S
Gajalakshmi,2,i,mi,G
Hiranmay,1,y,ay,H
Saniya,2,a,ya,S
Jyotibala,2,a,la,J
Priyabrata,1,a,ta,P
"Fatima, Fatma",2,a,ma,F
Jayapradha,2,a,ha,J
Azhagar,1,r,ar,A
Vaijayantimala,2,a,la,V
Bishr,1,r,hr,B
Kamukh,1,h,kh,K
Dharmadas,1,s,as,D
Gajananvihari,1,i,ri,G
Lakhan,1,n,an,L
Chandni,2,i,ni,C
Banita,2,a,ta,B
Samiksha,2,a,ha,S
Lavana,1,a,na,L
Chapala,2,a,la,C
Gunwant,1,t,nt,G
Abha,2,a,ha,A
Prakat,1,t,at,P
Bukka,1,a,ka,B
Padma,2,a,ma,P
Lahar,1,r,ar,L
Bindiya,2,a,ya,B
Champak,1,k,ak,C
Makul,1,l,ul,M
Elavarasan,1,n,an,E
Muthammal,2,l,al,M
Rahul,1,l,ul,R
Darpanika,2,a,ka,D
Kashinath,1,h,th,K
Selma,2,a,ma,S
Manoth,1,h,th,M
Arunima,2,a,ma,A
Dayanidhi,1,i,hi,D
Somendra,1,a,ra,S
Jayin,1,n,in,J
Nadal,1,l,al,N
Pradyot,1,t,ot,P
Inkurali,2,i,li,I
Ratnabala,2,a,la,R
Neepa,2,a,pa,N
Ekaaksha,1,a,ha,E
Nivrutti,1,i,ti,N
Swaha,2,a,ha,S
Kunjalata,2,a,ta,K
Jalil,1,l,il,J
Arnesh,1,h,sh,A
Sohana,2,a,na,S
Husaam,1,m,am,H
Sanatani,2,i,ni,S
Vedika,2,a,ka,V
Chaarudatt,1,t,tt,C
Pradnaya,2,a,ya,P
Tapasranjan,1,n,an,T
Tejaswi,2,i,wi,T
Trisha,2,a,ha,T
Gnanachelvi,2,i,vi,G
Fuad,1,d,ad,F
Tamalika,2,a,ka,T
Dhara,2,a,ra,D
Amiya,1,a,ya,A
Anal,1,l,al,A
Sagarika,2,a,ka,S
Harmendra,1,a,ra,H
Bakhtawar,2,r,ar,B
Hem,1,m,em,H
Tejas,1,s,as,T
Abhihita,1,a,ta,A
Bhooshan,1,n,an,B
Sahas,1,s,as,S
Nitika,2,a,ka,N
Haarith,1,h,th,H
Lakshman,1,n,an,L
Arivali,1,i,li,A
Varadaraja,1,a,ja,V
Vanaja,2,a,ja,V
Indrasena,1,a,na,I
Neeraj,1,j,aj,N
Manimala,2,a,la,M
Shubha,1,a,ha,S
Talish,1,h,sh,T
Shreemayi,2,i,yi,S
Ganda,2,a,da,G
Thangasami,1,i,mi,T
Siddheshwari,2,i,ri,S
Ketaki,2,i,ki,K
Prafulla,1,a,la,P
Taraka,2,a,ka,T
Fatik,1,k,ik,F
Vedanga,1,a,ga,V
Shipra,2,a,ra,S
Harshul,1,l,ul,H
Acintya,1,a,ya,A
Vinod,1,d,od,V
Sohil,1,l,il,S
Almas,2,s,as,A
Govinda,1,a,da,G
Ratnajyoti,2,i,ti,R
Jaisal,1,l,al,J
Maadhav,1,v,av,M
Vipin,1,n,in,V
Yatee,2,e,ee,Y
"Aseema, Ashima",2,a,ma,A
Charitra,2,a,ra,C
Nirmanyu,1,u,yu,N
Eshika,2,a,ka,E
Parag,1,g,ag,P
Yatin,1,n,in,Y
Yamha,1,a,ha,Y
Mahima,2,a,ma,M
Aarna,2,a,na,A
Manikandan,1,n,an,M
Kaushalya,2,a,ya,K
Harithi,2,i,hi,H
Eiravathi,2,i,hi,E
Bansuri,2,i,ri,B
Manu,1,u,nu,M
Darshini,2,i,ni,D
Arnav,1,v,av,A
Girish,1,h,sh,G
Suryakanta,1,a,ta,S
Keshini,2,i,ni,K
Ranjit,1,t,it,R
Chidambaram,1,m,am,C
Ahmad,1,d,ad,A
Shripati,1,i,ti,S
Amol,1,l,ol,A
Kshipra,2,a,ra,K
Adhipa,1,a,pa,A
Kamal,1,l,al,K
Nishkama,1,a,ma,N
Divakar,1,r,ar,D
Aadrika,2,a,ka,A
Param,1,m,am,P
Baladhitya,1,a,ya,B
Rutesh,1,h,sh,R
Ratul,1,l,ul,R
Sadguna,2,a,na,S
Pakshi,2,i,hi,P
Kirtikumar,1,r,ar,K
Sanat,1,t,at,S
Oja,2,a,ja,O
Akalpa,1,a,pa,A
Dhithi,2,i,hi,D
Pritha,2,a,ha,P
Sushanta,1,a,ta,S
Sridatta,1,a,ta,S
Hemanya,2,a,ya,H
Parul,2,l,ul,P
Ananmaya,1,a,ya,A
Eshanika,2,a,ka,E
Prema,2,a,ma,P
Vikramaditya,1,a,ya,V
Sarvanavel,1,l,el,S
Vasu,1,u,su,V
Nilambari,2,i,ri,N
Jayachand,1,d,nd,J
Kalya,1,a,ya,K
Souren,1,n,en,S
Galav,1,v,av,G
Devalatha,2,a,ha,D
Maanika,2,a,ka,M
Trilochan,1,n,an,T
Yadavesvara,1,a,ra,Y
Budhil,1,l,il,B
Oha,1,a,ha,O
Sajal,1,l,al,S
Rakhi,2,i,hi,R
Namit,1,t,it,N
Vrajanadan,1,n,an,V
Naabhi,1,i,hi,N
Chameli,2,i,li,C
Anisha,2,a,ha,A
Lakshmi,2,i,mi,L
Rasaraj,1,j,aj,R
Rohin,2,n,in,R
Akanksha,2,a,ha,A
Jyotishmati,2,i,ti,J
Jaswant,1,t,nt,J
Malashree,2,e,ee,M
Hriday,1,y,ay,H
"Kanak, Kanaka",2,a,ka,K
Palashkusum,1,m,um,P
Urmimala,2,a,la,U
Zara,2,a,ra,Z
Namrah,2,h,ah,N
Pathik,1,k,ik,P
Ilavenil,2,l,il,I
Arundhathi,2,i,hi,A
Nahusha,1,a,ha,N
Chinmay,1,y,ay,C
Sugouri,2,i,ri,S
Raaka,2,a,ka,R
Aandaleeb,1,b,eb,A
Keertana,2,a,na,K
Emaan,1,n,an,E
Avanti,2,i,ti,A
Dharitri,2,i,ri,D
Bhoomi,2,i,mi,B
Devarpana,1,a,na,D
Atmananda,1,a,da,A
Mandakranta,2,a,ta,M
Anuha,1,a,ha,A
Nileen,2,n,en,N
Gandhara,2,a,ra,G
Kusumita,2,a,ta,K
Abhisri,2,i,ri,A
Anupam,1,m,am,A
Panya,2,a,ya,P
Prarthana,2,a,na,P
Shubhada,2,a,da,S
Jayashekhar,1,r,ar,J
Chandan,1,n,an,C
Ratannabha,1,a,ha,R
Rameshwar,1,r,ar,R
Radhatanaya,1,a,ya,R
Ranya,2,a,ya,R
Arundhati,2,i,ti,A
Asha,2,a,ha,A
Kshiraja,2,a,ja,K
Balanath,1,h,th,B
Jugnu,1,u,nu,J
Kshipva,2,a,va,K
Maitri,2,i,ri,M
Tatya,1,a,ya,T
Sushobhana,2,a,na,S
Madhuvanthi,2,i,hi,M
Shaukat,1,t,at,S
Indiya,2,a,ya,I
Nayath,1,h,th,N
Siddhanta,1,a,ta,S
Shravasti,2,i,ti,S
Tarana,2,a,na,T
Parijat,1,t,at,P
Jenya,2,a,ya,J
Kalith,1,h,th,K
Madhunisha,2,a,ha,M
Idhitri,2,i,ri,I
Himagouri,2,i,ri,H
Nishad,1,d,ad,N
Bimala,2,a,la,B
Naavarasi,2,i,si,N
Nivedita,2,a,ta,N
Ekanpreet,1,t,et,E
Vasistha,1,a,ha,V
Sachetan,1,n,an,S
Maheshwar,1,r,ar,M
Venkatesha,1,a,ha,V
Ishwarya,2,a,ya,I
Suchi,2,i,hi,S
Umesh,1,h,sh,U
Adarsh,1,h,sh,A
Abhibhava,1,a,va,A
Mahagauri,2,i,ri,M
Natun,2,n,un,N
Nandana,2,a,na,N
Udbala,2,a,la,U
Inas,2,s,as,I
Hansanandini,2,i,ni,H
Saanjh,1,h,jh,S
Hafiz,1,z,iz,H
Dhipin,1,n,in,D
Mahabalesvara,1,a,ra,M
Aksithi,2,i,hi,A
Urvi,2,i,vi,U
Kalimohan,1,n,an,K
Abhiraam,1,m,am,A
Shubhangi,2,i,gi,S
Saudamini,2,i,ni,S
Charan,1,n,an,C
Jwala,2,a,la,J
Serena,2,a,na,S
Manmatha,1,a,ha,M
Hemanga,1,a,ga,H
Padmavasa,2,a,sa,P
Kamala,2,a,la,K
Usha,2,a,ha,U
Priyadarshini,2,i,ni,P
Ratnabali,2,i,li,R
Iksha,2,a,ha,I
Firaki,2,i,ki,F
Kishori,2,i,ri,K
Nanda,1,a,da,N
Ananya,2,a,ya,A
Jeevanlata,2,a,ta,J
Prita,2,a,ta,P
Manideepa,2,a,pa,M
Pirmohammed,1,d,ed,P
Pallavi,2,i,vi,P
Amartya,1,a,ya,A
Fateh,1,h,eh,F
Deepanwita,2,a,ta,D
Mahesh,1,h,sh,M
Nartan,2,n,an,N
Nandi,1,i,di,N
Reshmi,2,i,mi,R
Yashawini,2,i,ni,Y
Deepakala,2,a,la,D
"Vithala, Vitthal",1,l,al,V
Ganjan,2,n,an,G
Padnuni,2,i,ni,P
Pradyun,1,n,un,P
Marudham,2,m,am,M
Eha,1,a,ha,E
Ikshana,2,a,na,I
Zahira,2,a,ra,Z
Unmaivilambi,1,i,bi,U
"Foolan, Phoolan",2,n,an,F
Burhaan,1,n,an,B
Adwitiya,2,a,ya,A
Sunirmal,1,l,al,S
Suparna,2,a,na,S
Anu,1,u,nu,A
"Anantha, Anantya",2,a,ya,A
Jainarayan,1,n,an,J
Palash,1,h,sh,P
Yagna,1,a,na,Y
Kashif,1,f,if,K
Kshema,2,a,ma,K
Samyak,1,k,ak,S
Mandir,1,r,ir,M
Sohni,2,i,ni,S
Yaalvendan,1,n,an,Y
Aryaman,1,n,an,A
Medhani,2,i,ni,M
Devak,2,k,ak,D
Zahin,1,n,in,Z
Wadee,1,e,ee,W
Raghav,1,v,av,R
Pulastya,1,a,ya,P
Lavitra,1,a,ra,L
Ettan,1,n,an,E
Induma,2,a,ma,I
Apeksha,2,a,ha,A
Imani,2,i,ni,I
Madhura,2,a,ra,M
Sudama,1,a,ma,S
Saatvik,1,k,ik,S
Barid,1,d,id,B
Chhandak,1,k,ak,C
Dasmaya,1,a,ya,D
Aslam,1,m,am,A
Nandi,2,i,di,N
Ruchitha,2,a,ha,R
Pranay,1,y,ay,P
Viswas,1,s,as,V
Hemakshi,2,i,hi,H
Taruni,2,i,ni,T
Mardav,1,v,av,M
Sourabhi,2,i,hi,S
Yogini,2,i,ni,Y
Pratul,1,l,ul,P
Ravindra,1,a,ra,R
Utsaah,2,h,ah,U
Smritiman,1,n,an,S
Vahini,2,i,ni,V
Dushyanta,1,a,ta,D
Zuha,2,a,ha,Z
Daivya,1,a,ya,D
"Vinoda, Vinodini",2,i,ni,V
Nabhya,1,a,ya,N
Manasa,2,a,sa,M
Ekanga,1,a,ga,E
Gangeya,1,a,ya,G
Rajika,2,a,ka,R
Dristi,2,i,ti,D
Bhamini,2,i,ni,B
Utpal,1,l,al,U
"Ananta, Anant",1,t,nt,A
Pival,2,l,al,P
Ujala,1,a,la,U
Pasha,2,a,ha,P
Magadh,1,h,dh,M
Sugata,1,a,ta,S
Talin,1,n,in,T
Nusrat,2,t,at,N
Indulal,1,l,al,I
Inesh,1,h,sh,I
Kavika,2,a,ka,K
Vismay,1,y,ay,V
Selvannmbi,1,i,bi,S
Chandran,1,n,an,C
Shashi,2,i,hi,S
Anandini,2,i,ni,A
Zaahid,1,d,id,Z
Nirali,2,i,li,N
Jivitesh,1,h,sh,J
Sampada,2,a,da,S
Avanish,1,h,sh,A
Darsh,1,h,sh,D
Chairavali,2,i,li,C
Balaram,1,m,am,B
Neelanjan,1,n,an,N
Taraprashad,1,d,ad,T
Mangalya,2,a,ya,M
Tapan,1,n,an,T
Navroz,1,z,oz,N
Rajdeep,1,p,ep,R
Labangalata,2,a,ta,L
Darpad,1,d,ad,D
Pragati,2,i,ti,P
Chandrima,2,a,ma,C
Sopan,1,n,an,S
Omkar,1,r,ar,O
"Amala, Amla",2,a,la,A
Ulagarasan,1,n,an,U
Bibhavasu,1,u,su,B
Syum,1,m,um,S
Balaraj,1,j,aj,B
Zulema,2,a,ma,Z
Nrip,1,p,ip,N
Adithi,2,i,hi,A
Malhar,1,r,ar,M
Abhisyanta,1,a,ta,A
Dheerendra,1,a,ra,D
Tirtha,1,a,ha,T
Urvashi,2,i,hi,U
Atanu,1,u,nu,A
Rajdulari,2,i,ri,R
Rukma,1,a,ma,R
Madana,1,a,na,M
Naija,2,a,ja,N
Chahana,2,a,na,C
Ishana,2,a,na,I
Rashmil,1,l,il,R
Avaapya,2,a,ya,A
Naganalatha,2,a,ha,N
Gavisht,1,t,ht,G
Oviyan,1,n,an,O
Rochak,1,k,ak,R
Kaashinaath,1,h,th,K
Yosana,2,a,na,Y
Tanu,2,u,nu,T
Suyash,1,h,sh,S
Yajna,1,a,na,Y
Sudip,1,p,ip,S
Aashna,2,a,na,A
Abheek,1,k,ek,A
Alagappan,1,n,an,A
Ekachandra,1,a,ra,E
Mulkraj,1,j,aj,M
Anbuchelvan,1,n,an,A
Dhevan,1,n,an,D
Ramya,2,a,ya,R
Gajra,2,a,ra,G
Ishanya,2,a,ya,I
"Anjushri, Anjushree",2,e,ee,A
Hirkani,2,i,ni,H
Ramashray,1,y,ay,R
Bulbuli,2,i,li,B
Adhikara,1,a,ra,A
Tamkinat,1,t,at,T
Sanyakta,2,a,ta,S
Murali,1,i,li,M
Mahanth,1,h,th,M
Oshma,2,a,ma,O
Lomash,1,h,sh,L
Nabhanipa,2,a,pa,N
Iman,1,n,an,I
Lopamudra,2,a,ra,L
Vetrival,1,l,al,V
sona,2,a,na,s
Acyutaraya,1,a,ya,A
Taraknath,1,h,th,T
Trikaya,2,a,ya,T
Lopa,2,a,pa,L
Ratish,1,h,sh,R
Ujas,2,s,as,U
Sudhira,2,a,ra,S
Chinthanaichelvan,1,n,an,C
Shantimay,1,y,ay,S
Tanveer,1,r,er,T
Ilavalagi,2,i,gi,I
Sesha,2,a,ha,S
Toral,2,l,al,T
Mandara,2,a,ra,M
"Amolik, Amolak",1,k,ak,A
Tilottama,2,a,ma,T
Haamid,1,d,id,H
Aditeya,1,a,ya,A
Saket,1,t,et,S
Etash,1,h,sh,E
Acalendra,1,a,ra,A
Malati,2,i,ti,M
Rajatshubhra,1,a,ra,R
Dinesh,1,h,sh,D
Udaya,2,a,ya,U
Paravasu,1,u,su,P
Angamuthu,1,u,hu,A
Chandramathi,2,i,hi,C
Himaja,2,a,ja,H
Ram,1,m,am,R
Jay,1,y,ay,J
Shakti,2,i,ti,S
Payoja,2,a,ja,P
Shikha,1,a,ha,S
Mahiya,2,a,ya,M
Velan,1,n,an,V
Omvati,2,i,ti,O
Shobhan,1,n,an,S
Prabhat,1,t,at,P
Shantanu,1,u,nu,S
Shyamlata,2,a,ta,S
Cauvery,2,y,ry,C
Trishul,1,l,ul,T
Ayurda,2,a,da,A
Gopi,1,i,pi,G
Ilandevan,1,n,an,I
Upagupta,1,a,ta,U
Sujaya,2,a,ya,S
Heman,1,n,an,H
Prem,2,m,em,P
Tribhuvan,1,n,an,T
Parimal,1,l,al,P
Rajak,1,k,ak,R
Varsha,2,a,ha,V
Pavaki,2,i,ki,P
Ishwar,1,r,ar,I
Sudhindra,1,a,ra,S
Samar,1,r,ar,S
Joshita,2,a,ta,J
Kamik,1,k,ik,K
Tarini,2,i,ni,T
Kalaka,2,a,ka,K
Akshan,1,n,an,A
Dhanashri,2,i,ri,D
Padmal,2,l,al,P
Jalendra,1,a,ra,J
Anunitha,2,a,ha,A
Alpana,2,a,na,A
Hariom,1,m,om,H
Chitrali,2,i,li,C
Harinakshi,2,i,hi,H
Arul,1,l,ul,A
Mayurika,2,a,ka,M
Rajitha,2,a,ha,R
Vinesh,1,h,sh,V
Karuna,2,a,na,K
Geshna,2,a,na,G
Soujanya,2,a,ya,S
Ekaraj,1,j,aj,E
Sumanolata,2,a,ta,S
Jalal,1,l,al,J
"Alam, Aalam",1,m,am,A
Anbumadi,1,i,di,A
Ajay,1,y,ay,A
Bindurekha,2,a,ha,B
Zuleyka,2,a,ka,Z
Fanibhusan,1,n,an,F
Dwijendra,1,a,ra,D
Javin,1,n,in,J
Rekha,2,a,ha,R
Ramana,1,a,na,R
Jayshri,2,i,ri,J
Prajit,1,t,it,P
Pradosh,1,h,sh,P
Shri,1,i,ri,S
Kimatra,2,a,ra,K
Kalaimagal,2,l,al,K
Anagha,2,a,ha,A
Hanumant,1,t,nt,H
Raya,2,a,ya,R
Daamodar,1,r,ar,D
Sahira,2,a,ra,S
Tarala,2,a,la,T
Sultana,2,a,na,S
Jaigupta,1,a,ta,J
Selvan,1,n,an,S
Sushobhan,1,n,an,S
Kaamil,1,l,il,K
Daya,2,a,ya,D
Aatmaja,2,a,ja,A
Kurinji,2,i,ji,K
Gurjari,2,i,ri,G
Ratnapriya,2,a,ya,R
Sanchit,1,t,it,S
Talank,1,k,nk,T
Parama,2,a,ma,P
Isaivalan,1,n,an,I
Chalama,2,a,ma,C
Ranjan,1,n,an,R
Kuyil,2,l,il,K
Eeshwar,1,r,ar,E
Padmalaya,2,a,ya,P
Madhulekha,2,a,ha,M
Kaushal,1,l,al,K
Ibrahim,1,m,im,I
Kusumavati,2,i,ti,K
Aasha,2,a,ha,A
Subrata,2,a,ta,S
Rachita,2,a,ta,R
Rebha,2,a,ha,R
Chandrashekar,1,r,ar,C
Kanu,1,u,nu,K
Satrijit,1,t,it,S
Loukya,2,a,ya,L
Suryansh,1,h,sh,S
Balasandhya,2,a,ya,B
Mahish,1,h,sh,M
Kulik,1,k,ik,K
Sudha,2,a,ha,S
Yashodhan,1,n,an,Y
Vasudha,2,a,ha,V
Rathik,1,k,ik,R
Ladhi,2,i,hi,L
Shreela,2,a,la,S
Preyasi,2,i,si,P
Deenabandhu,1,u,hu,D
Bahurai,1,i,ai,B
Arjun,1,n,un,A
Chanyana,1,a,na,C
Balagovind,1,d,nd,B
Renu,2,u,nu,R
Raima,2,a,ma,R
Supriya,1,a,ya,S
Yashawanthi,2,i,hi,Y
Navin,1,n,in,N
Himnish,1,h,sh,H
Sarvari,2,i,ri,S
Bodhan,1,n,an,B
SendhilNathan,1,n,an,S
Deepankar,1,r,ar,D
Ilavalagan,1,n,an,I
Poornachandra,1,a,ra,P
Kavya,2,a,ya,K
Varij,1,j,ij,V
Shriya,2,a,ya,S
Sarup,1,p,up,S
Kulbhushan,1,n,an,K
Roma,2,a,ma,R
Aashiyana,2,a,na,A
Poornima,2,a,ma,P
Rutva,2,a,va,R
Sabarinathan,1,n,an,S
Rithika,2,a,ka,R
Farhat,1,t,at,F
Kamalakar,1,r,ar,K
Rehan,1,n,an,R
Trivikram,1,m,am,T
Gafur,1,r,ur,G
Bhavamanyu,1,u,yu,B
Indraneel,1,l,el,I
Mrinalika,2,a,ka,M
Nadira,2,a,ra,N
Parin,1,n,in,P
Gargi,2,i,gi,G
Satyakam,1,m,am,S
Resham,2,m,am,R
Akalka,2,a,ka,A
Rahman,1,n,an,R
Vinita,2,a,ta,V
Shilavati,2,i,ti,S
Shuchita,2,a,ta,S
Kaberi,2,i,ri,K
Jyotichandra,1,a,ra,J
Tuvijat,1,t,at,T
Thangamani,1,i,ni,T
Chirantan,1,n,an,C
Firoza,2,a,za,F
Ojayit,1,t,it,O
"Anurag, Anuraag",1,g,ag,A
Sahasra,2,a,ra,S
Shinjini,2,i,ni,S
Dadhija,2,a,ja,D
Kuntala,2,a,la,K
Karnik,1,k,ik,K
Navaneet; Navnit,1,t,it,N
"Shravana, Shrabana",2,a,na,S
Harnoor,2,r,or,H
Tusharsuvra,1,a,ra,T
Dhavalachandra,1,a,ra,D
Sahiba,2,a,ba,S
Jyotiranjan,1,n,an,J
Nita,2,a,ta,N
Rashmi,2,i,mi,R
Mena,2,a,na,M
Samir,1,r,ir,S
Ripudaman,1,n,an,R
Aboil,2,l,il,A
Vindhya,2,a,ya,V
"Apurva, Apoorva",2,a,va,A
Chitrangada,2,a,da,C
Murarilal,1,l,al,M
Chandramohan,1,n,an,C
Inakanta,1,a,ta,I
Himanshu,1,u,hu,H
Iksura,2,a,ra,I
Ivy,2,y,vy,I
Nilaruna,2,a,na,N
Naganandini,2,i,ni,N
Parveeni,2,i,ni,P
Nitha,2,a,ha,N
Dindayal,1,l,al,D
Lakshana,2,a,na,L
Abhirath,1,h,th,A
Gurvinder,1,r,er,G
Venimadhav,1,v,av,V
Pachaimuthu,1,u,hu,P
Kirit,1,t,it,K
Kalanidhi,2,i,hi,K
Alhad,1,d,ad,A
Nabhanya,2,a,ya,N
Adikavi,1,i,vi,A
Murad,1,d,ad,M
Makarand,1,d,nd,M
Balan,1,n,an,B
Raza,1,a,za,R
Balwant,1,t,nt,B
Smyan,1,n,an,S
Avathara,2,a,ra,A
Aniteja,1,a,ja,A
Anirudhha,1,a,ha,A
Kanitha,2,a,ha,K
Sachi,2,i,hi,S
Madhavdas,1,s,as,M
Ruchira,2,a,ra,R
Sanithi,2,i,hi,S
Pranjal,2,l,al,P
Sukumaran,1,n,an,S
Shishirkana,2,a,na,S
Kshemya,2,a,ya,K
Abhiprithi,2,i,hi,A
Idhaya,2,a,ya,I
Thenappan,1,n,an,T
Tanish,1,h,sh,T
Indira,2,a,ra,I
Giribala,2,a,la,G
Santawana,2,a,na,S
Kakali,2,i,li,K
Paavan,1,n,an,P
Shantinath,1,h,th,S
Roshni,2,i,ni,R
Namya,2,a,ya,N
Abdul-Baari,1,i,ri,A
"Maithili, Mythili",2,i,li,M
Sabrang,2,g,ng,S
Misal,1,l,al,M
Saparna,2,a,na,S
Mahaganga,2,a,ga,M
Deep,1,p,ep,D
Kamat,1,t,at,K
Prayuta,2,a,ta,P
Tanvi,2,i,vi,T
Ramchandra,1,a,ra,R
Rujuta,2,a,ta,R
Tarakini,2,i,ni,T
Yamya,2,a,ya,Y
Vajra,1,a,ra,V
Muniya,2,a,ya,M
Tarannum,2,m,um,T
Vaibhav,1,v,av,V
Olimani,2,i,ni,O
Kedar,1,r,ar,K
Mahakanta,2,a,ta,M
Shami,1,i,mi,S
Pragyaparamita,2,a,ta,P
Vidya,2,a,ya,V
Vajrapani,1,i,ni,V
Satyapriya,1,a,ya,S
Rajul,2,l,ul,R
Chitralekha,2,a,ha,C
Ilyas,1,s,as,I
"Osman, Usman",1,n,an,O
Kashmira,2,a,ra,K
Chandrakumar,1,r,ar,C
Muralimanohar,1,r,ar,M
Chimayi,2,i,yi,C
Puranjay,1,y,ay,P
Chunni,2,i,ni,C
Hara,1,a,ra,H
Arya,1,a,ya,A
Kangana,2,a,na,K
Chandraraj,1,j,aj,C
Manendra,1,a,ra,M
Tahoma,1,a,ma,T
Tanika,2,a,ka,T
Saachi,2,i,hi,S
Rita,2,a,ta,R
Rujula,2,a,la,R
Shomili,2,i,li,S
Yadaspati,1,i,ti,Y
Satyankar,1,r,ar,S
Bhargava,1,a,va,B
Dasharathi,1,i,hi,D
Sudakshima,2,a,ma,S
Chakori,2,i,ri,C
Rangan,1,n,an,R
Lokesh,1,h,sh,L
Sivakumaran,1,n,an,S
Samvath,1,h,th,S
Leelamayee,2,e,ee,L
Bhanupriya,2,a,ya,B
Shyamsundar,1,r,ar,S
Laabha,2,a,ha,L
Shyamalika,2,a,ka,S
Adrija,2,a,ja,A
Hatisha,2,a,ha,H
Nishanath,1,h,th,N
Samudra,1,a,ra,S
Mala,2,a,la,M
Suprakash,1,h,sh,S
Sriya,2,a,ya,S
Jyotirdhar,1,r,ar,J
Rudrapriya,2,a,ya,R
Shatarupa,2,a,pa,S
Sambhav,1,v,av,S
Sukesh,1,h,sh,S
Pundalik,1,k,ik,P
Paridhi,2,i,hi,P
Iniyavan,1,n,an,I
Naajy,1,y,jy,N
Chinmayananda,1,a,da,C
Shishir,1,r,ir,S
Devyani,2,i,ni,D
Vimala,2,a,la,V
Medini,2,i,ni,M
Luv,1,v,uv,L
Mangal,1,l,al,M
Ranjita,2,a,ta,R
Nishesh,1,h,sh,N
Niloufer,2,r,er,N
Krithya,2,a,ya,K
Ura,2,a,ra,U
ThamilSelvi,2,i,vi,T
Gurudutt,1,t,tt,G
Avishi,2,i,hi,A
Rushada,2,a,da,R
Kriti,2,i,ti,K
Rajiv,1,v,iv,R
Leelavati,2,i,ti,L
Nissim,1,m,im,N
Daksha,1,a,ha,D
Amithi,2,i,hi,A
Hasika,2,a,ka,H
Avaneesh,1,h,sh,A
Leena,2,a,na,L
Zaid,1,d,id,Z
Vetravati,2,i,ti,V
Mythily,2,y,ly,M
Kishore,1,e,re,K
Ulagan,1,n,an,U
Maya,2,a,ya,M
Hemant,1,t,nt,H
Ramakanta,1,a,ta,R
Gopal,1,l,al,G
Hima,2,a,ma,H
Shashikiran,1,n,an,S
Manimekhala,2,a,la,M
Gupil,1,l,il,G
Narasimha,1,a,ha,N
Palaniappan,1,n,an,P
Sadhan,2,n,an,S
Gadhadhar,1,r,ar,G
Sulochan,1,n,an,S
Laghima,2,a,ma,L
Qatadah,1,h,ah,Q
Sulabha,2,a,ha,S
Pampa,2,a,pa,P
Thangabalu,1,u,lu,T
Kshama,2,a,ma,K
Kundir,1,r,ir,K
Ravinandan,1,n,an,R
Pranjal,1,l,al,P
Niju,2,u,ju,N
Lorena,2,a,na,L
Oliyarasi,2,i,si,O
Yachana,2,a,na,Y
Prisha,2,a,ha,P
Riju,2,u,ju,R
Swarup,1,p,up,S
Pankaj,1,j,aj,P
Mahtab,1,b,ab,M
Bakhtawar,1,r,ar,B
Lohitaksha,1,a,ha,L
Gajagamini,2,i,ni,G
"Arvinda, Arabinda",1,a,da,A
Parthivi,2,i,vi,P
Sankarshan,1,n,an,S
Nutan,2,n,an,N
Ajit,1,t,it,A
Damian,1,n,an,D
Udit,1,t,it,U
Damodar,1,r,ar,D
Arhant,1,t,nt,A
Girik,1,k,ik,G
Sankalpa,1,a,pa,S
Vaishali,2,i,li,V
Shyamari,2,i,ri,S
Baladhi,1,i,hi,B
Anchal,2,l,al,A
Shakeel,2,l,el,S
Aabheer,1,r,er,A
Kajri,2,i,ri,K
Shachi,2,i,hi,S
Abhati,2,i,ti,A
Balakumara,1,a,ra,B
Sutapa,2,a,pa,S
Padmaja,2,a,ja,P
Ushakiran,2,n,an,U
Krishnamurthy,1,y,hy,K
Niraimadhi,2,i,hi,N
Maharth,1,h,th,M
Chhaya,2,a,ya,C
Sartaj,1,j,aj,S
Ganapati,1,i,ti,G
Narmada,2,a,da,N
Ramnath,1,h,th,R
Abjayoni,1,i,ni,A
Chudamani,1,i,ni,C
Kuvam,2,m,am,K
Yadavendra,1,a,ra,Y
Rati,2,i,ti,R
Naishadh,1,h,dh,N
Raahi,1,i,hi,R
Rehman,1,n,an,R
Hasit,1,t,it,H
Venugopala,1,a,la,V
Yatiraja,1,a,ja,Y
Amiya,2,a,ya,A
Gajanand,1,d,nd,G
Nirvan,1,n,an,N
Pamela,2,a,la,P
Sukhdev,1,v,ev,S
Firoz,1,z,oz,F
Yadumani,1,i,ni,Y
Shreyashi,2,i,hi,S
Shrikumari,2,i,ri,S
Thangadurai,1,i,ai,T
Kana,2,a,na,K
Zaiden,1,n,en,Z
Dhinanta,1,a,ta,D
Mohana,2,a,na,M
Nripendra,1,a,ra,N
Manohar,1,r,ar,M
Jaganmay,1,y,ay,J
Seema,2,a,ma,S
Mythri,2,i,ri,M
Vyomesh,1,h,sh,V
Dhawal,1,l,al,D
Shravan,1,n,an,S
Uttar,1,r,ar,U
Shevanti,2,i,ti,S
Vijaya,2,a,ya,V
Suhasini,2,i,ni,S
Milana,2,a,na,M
Abhimanyu,1,u,yu,A
Bisaj,1,j,aj,B
Manjula,2,a,la,M
Tvarika,2,a,ka,T
Hitendra,1,a,ra,H
Rammohan,1,n,an,R
Rajeshwari,2,i,ri,R
Rohanlal,1,l,al,R
Riddhi,2,i,hi,R
Jatin,1,n,in,J
Suraksha,2,a,ha,S
Abhirup,1,p,up,A
Dalbhya,1,a,ya,D
Reshma,2,a,ma,R
Pratishtha,2,a,ha,P
Neelam,2,m,am,N
Mahin,1,n,in,M
Thiruvalluvar,1,r,ar,T
Jairam,1,m,am,J
Sonakshi,2,i,hi,S
Shashibala,2,a,la,S
Debashis,1,s,is,D
Anbarasu,1,u,su,A
Kunda,2,a,da,K
Fadl Ullah,1,h,ah,F
Raghavendra,1,a,ra,R
Praful,1,l,ul,P
Ruhan,1,n,an,R
Mayra,2,a,ra,M
Hamsa,2,a,sa,H
Aakar,1,r,ar,A
Moulik,1,k,ik,M
Ratna,2,a,na,R
Ashoka,2,a,ka,A
Satyanarayan,1,n,an,S
Balamurugan,1,n,an,B
Jujhar,1,r,ar,J
Sitanshu,1,u,hu,S
Mahubala,2,a,la,M
Vaanika,2,a,ka,V
Laalamani,1,i,ni,L
Lakshmigopal,1,l,al,L
Dhanishta,2,a,ta,D
Nidhyana,2,a,na,N
Gurusharan,1,n,an,G
Saruprani,2,i,ni,S
Kamakshi,2,i,hi,K
Wahab,1,b,ab,W
Grishma,2,a,ma,G
Radhakanta,1,a,ta,R
Sukrit,1,t,it,S
Nimish,1,h,sh,N
Kanakpriya,2,a,ya,K
Vilasini,2,i,ni,V
Loganayaki,2,i,ki,L
Baha,1,a,ha,B
Ohas,1,s,as,O
Mrittika,2,a,ka,M
Bisujaksha,1,a,ha,B
Divija,2,a,ja,D
Vanita,2,a,ta,V
Taranga,1,a,ga,T
Veenapani,2,i,ni,V
Theeran,1,n,an,T
Ednit,1,t,it,E
Ayushmati,2,i,ti,A
Pushpesh,1,h,sh,P
"Punam, Poonam",2,m,am,P
Niranjan,1,n,an,N
Puloma,2,a,ma,P
Kandhara,2,a,ra,K
Abhijit,1,t,it,A
Chandrakala,2,a,la,C
Hriman,1,n,an,H
Mahadevi,2,i,vi,M
Shivendu,1,u,du,S
Parnashri,2,i,ri,P
Manitha,2,a,ha,M
Sharang,1,g,ng,S
Aarti,2,i,ti,A
Bhavanika,2,a,ka,B
Mahi,2,i,hi,M
Tanseem,2,m,em,T
Iqbal,1,l,al,I
Rushabh,1,h,bh,R
Haimi,2,i,mi,H
Minakshi,2,i,hi,M
Mrigesh,1,h,sh,M
Jayesh,1,h,sh,J
Baishali,2,i,li,B
Lipi,2,i,pi,L
Kenisha,2,a,ha,K
Nadin,1,n,in,N
Tapti,2,i,ti,T
Dhuthi,2,i,hi,D
Ayanna,2,a,na,A
Titiksha,2,a,ha,T
Pushpa,2,a,pa,P
Bhagirat,1,t,at,B
Shantipriya,1,a,ya,S
Tamila,1,a,la,T
Raj,1,j,aj,R
Kumudini,2,i,ni,K
Yogit,1,t,it,Y
Anokhi,2,i,hi,A
Abhinav,1,v,av,A
Padmini,2,i,ni,P
Adinath,1,h,th,A
Abhayaprada,1,a,da,A
Archan,2,n,an,A
Adripathi,1,i,hi,A
Sragvi,2,i,vi,S
Pracheeta,2,a,ta,P
Mugdha,2,a,ha,M
Avasa,2,a,sa,A
Ruchi,2,i,hi,R
Niyath,1,h,th,N
Pranati,2,i,ti,P
"Ujwal, Ujjala",1,a,la,U
Dalaja,2,a,ja,D
Harshada,2,a,da,H
Sarayu,2,u,yu,S
Jagadip,1,p,ip,J
Kuyilsai,2,i,ai,K
Putana,2,a,na,P
Gandharva,1,a,va,G
Mumtaz,1,z,az,M
Indubhushan,1,n,an,I
Masilmani,2,i,ni,M
Samendra,1,a,ra,S
Ekanthika,2,a,ka,E
Tanima,2,a,ma,T
Padmaj,1,j,aj,P
Mirza,1,a,za,M
Eshana,2,a,na,E
Hansaveni,2,i,ni,H
Basanta,1,a,ta,B
Krishnendu,1,u,du,K
Barindra,1,a,ra,B
Patakin,1,n,in,P
Bhilangana,2,a,na,B
Holika,2,a,ka,H
Ksema,2,a,ma,K
"Foolwati, Phoolwati",2,i,ti,F
Anuradha,2,a,ha,A
Shivraj,1,j,aj,S
Kanya,2,a,ya,K
Ali,1,i,li,A
Shamita,2,a,ta,S
Daitya,1,a,ya,D
Piki,2,i,ki,P
Patanjali,1,i,li,P
Yoganand,1,d,nd,Y
Tanak,1,k,ak,T
Tamasi,2,i,si,T
Gayan,1,n,an,G
Wafeeq,1,q,eq,W
Tambura,2,a,ra,T
Chahel,1,l,el,C
Jenya,1,a,ya,J
Godavari,2,i,ri,G
Tarun,1,n,un,T
Baahir,1,r,ir,B
Rajam,1,m,am,R
Abhi,1,i,hi,A
Latif,1,f,if,L
Sumana,2,a,na,S
Riti,2,i,ti,R
Ayyapan,1,n,an,A
Harsha,2,a,ha,H
Roopa,2,a,pa,R
Achalendra,1,a,ra,A
Balbir,1,r,ir,B
Faiza,2,a,za,F
Vasumati,2,i,ti,V
Jayawant,1,t,nt,J
Tamanna,2,a,na,T
Aanchal,2,l,al,A
Kamalini,2,i,ni,K
Aashini,2,i,ni,A
Chakshu,1,u,hu,C
Ramana,2,a,na,R
Itish,1,h,sh,I
Boudhayan,1,n,an,B
Ulagappan,1,n,an,U
Prasanna,1,a,na,P
Chellapan,1,n,an,C
Manisitha,2,a,ha,M
Bhishma,1,a,ma,B
Ajmal,1,l,al,A
Devaki,2,i,ki,D
Yoonus,1,s,us,Y
Saipratap,1,p,ap,S
Swetha,2,a,ha,S
Sourabh,1,h,bh,S
Gandhini,2,i,ni,G
Pingala,2,a,la,P
Balasingam,1,m,am,B
Ishan,1,n,an,I
Swapnil,1,l,il,S
Ruhika,2,a,ka,R
Hanima,2,a,ma,H
Chintan,1,n,an,C
Chandrabindu,2,u,du,C
Lankesh,1,h,sh,L
Vasavi,2,i,vi,V
Shampa,2,a,pa,S
Hardik,1,k,ik,H
Kiranmala,2,a,la,K
Chetana,1,a,na,C
Lakshaki,2,i,ki,L
Madhuri,2,i,ri,M
Atreya,1,a,ya,A
Sajan,1,n,an,S
Kenga,2,a,ga,K
Nirupama,2,a,ma,N
Nilaya,2,a,ya,N
Kadhiroli,2,i,li,K
Prithvi,1,i,vi,P
Nitish,1,h,sh,N
Aashritha,2,a,ha,A
Ahalya,2,a,ya,A
Agrim,1,m,im,A
Jyotiprakash,1,h,sh,J
Taksa,1,a,sa,T
Devakantha,1,a,ha,D
Balakumar,1,r,ar,B
Rasbihari,1,i,ri,R
Taru,2,u,ru,T
Charudatta,1,a,ta,C
Labeeb,1,b,eb,L
Aakaksha,2,a,ha,A
Karun,1,n,un,K
Mayura,2,a,ra,M
Putul,2,l,ul,P
Shishirkumar,1,r,ar,S
Salima,2,a,ma,S
Gautami,2,i,mi,G
Deepan,1,n,an,D
Akram,1,m,am,A
Balaravi,1,i,vi,B
Zakariya,1,a,ya,Z
Shruti,2,i,ti,S
Minal,2,l,al,M
Noorjehan,2,n,an,N
Manisi,2,i,si,M
Indrakshi,2,i,hi,I
Rangitha,2,a,ha,R
Chellamani,1,i,ni,C
Kanvar,1,r,ar,K
Muhamad,1,d,ad,M
Preeti,2,i,ti,P
Ripunjya,1,a,ya,R
Kalya,2,a,ya,K
Nangai,2,i,ai,N
Payod,1,d,od,P
Sushanti,2,i,ti,S
Ajeeta,2,a,ta,A
Aarohi,2,i,hi,A
Bankebihari,1,i,ri,B
Kanchan,2,n,an,K
Prashanti,2,i,ti,P
Arya,2,a,ya,A
Hansaraj,1,j,aj,H
Chaturbhuj,1,j,uj,C
Alagarasan,1,n,an,A
Giri,1,i,ri,G
Dhanalakshmi,2,i,mi,D
Idha,2,a,ha,I
Tarangini,2,i,ni,T
Sonal,2,l,al,S
Rajan,1,n,an,R
Chitrarathi,2,i,hi,C
Sumant,1,t,nt,S
Rishikesh,1,h,sh,R
Bhavesh,1,h,sh,B
Lalit,1,t,it,L
Krishnamurari,1,i,ri,K
"Shanmukha, Shanmuga",1,a,ga,S
Vidyul,2,l,ul,V
Manasika,2,a,ka,M
Vaageesh,1,h,sh,V
Nihal,1,l,al,N
Changuna,2,a,na,C
"Gorochana, Gorma",2,a,ma,G
Punya,2,a,ya,P
Shrimayi,2,i,yi,S
Ishir,1,r,ir,I
Karunya,2,a,ya,K
Gorakh,1,h,kh,G
Saroj,1,j,oj,S
Sadhvi,2,i,vi,S
Shakeela,2,a,la,S
Divyanshi,2,i,hi,D
Xavier,1,r,er,X
Sunanda,2,a,da,S
Tavish,1,h,sh,T
Gunjan,1,n,an,G
Geetika,2,a,ka,G
Swastika,2,a,ka,S
Yadu,1,u,du,Y
Bankimchandra,1,a,ra,B
Tahir,1,r,ir,T
Pratiti,1,i,ti,P
Anwar,1,r,ar,A
Nischal,1,l,al,N
Brijesh,1,h,sh,B
Kapotakshi,2,i,hi,K
Babala,1,a,la,B
Pachai,1,i,ai,P
Bansi,1,i,si,B
Sheetal,2,l,al,S
Triveni,2,i,ni,T
Sujala,2,a,la,S
Jadhav,1,v,av,J
Shantiprakash,1,h,sh,S
Thirumani,1,i,ni,T
Quasim,1,m,im,Q
Pavalan,1,n,an,P
Shyamali,2,i,li,S
Sanjushree,2,e,ee,S
Thenral,2,l,al,T
Aahana,2,a,na,A
Sameer,1,r,er,S
Shameek,1,k,ek,S
Dylan,1,n,an,D
Kanimoli,2,i,li,K
Mudita,1,a,ta,M
Binodini,2,i,ni,B
Lochan,1,n,an,L
Jithya,2,a,ya,J
Vijayanatha,1,a,ha,V
Waseem,1,m,em,W
Madina,2,a,na,M
Sristi,2,i,ti,S
Fanindra,1,a,ra,F
"Asao, Asav",1,v,av,A
Teerth,1,h,th,T
Madin,1,n,in,M
Rajni,2,i,ni,R
Kuvam,1,m,am,K
Falgu,1,u,gu,F
Eelakili,2,i,li,E
Tyagraja,1,a,ja,T
Aahaladita,2,a,ta,A
Gangadhar,1,r,ar,G
Padmamalini,2,i,ni,P
Pasupati,1,i,ti,P
Ashis,1,s,is,A
Gazala,2,a,la,G
Jaichand,1,d,nd,J
Dharendra,1,a,ra,D
Lavani,2,i,ni,L
Wamika,1,a,ka,W
Giles,1,s,es,G
Indra,1,a,ra,I
Mana,2,a,na,M
Thavachelvan,1,n,an,T
Birbal,1,l,al,B
Bandhu,1,u,hu,B
Milun,1,n,un,M
Madhuchhanda,2,a,da,M
Nagarin,1,n,in,N
Navya,2,a,ya,N
Suhas,1,s,as,S
Haady,1,y,dy,H
Dinar,1,r,ar,D
Vishakha,2,a,ha,V
Magana,2,a,na,M
Inganam,1,m,am,I
Varada,2,a,da,V
Bishakha,2,a,ha,B
Valavan,1,n,an,V
Charuvindha,1,a,ha,C
Dayamayee,2,e,ee,D
Shashibhushan,1,n,an,S
Manyu,1,u,yu,M
Rajshri,2,i,ri,R
Kallol,2,l,ol,K
Vishnupriya,2,a,ya,V
Ramesh,1,h,sh,R
Chellamuthu,1,u,hu,C
Manthika,2,a,ka,M
Isaiarasu,1,u,su,I
Surdeep,1,p,ep,S
Sankul,2,l,ul,S
Kaman,1,n,an,K
Subarna,2,a,na,S
Vinaya,2,a,ya,V
Asvika,2,a,ka,A
Usri,2,i,ri,U
Nirmayi,2,i,yi,N
Sagun,1,n,un,S
Panchanan,1,n,an,P
Dhriti,2,i,ti,D
Tejal,2,l,al,T
Sanskriti,2,i,ti,S
Soma,2,a,ma,S
Itkila,2,a,la,I
Shrish,1,h,sh,S
Madhulata,2,a,ta,M
Giriraj,1,j,aj,G
Wyconda,1,a,da,W
Madhumati,2,i,ti,M
Manith,1,h,th,M
Chitkala,2,a,la,C
Chitra,2,a,ra,C
Kanwal,1,l,al,K
Prerana,2,a,na,P
Sai,2,i,ai,S
Saeed,1,d,ed,S
Bijal,1,l,al,B
Shreeparna,2,a,na,S
Avinashika,2,a,ka,A
Bahumathi,2,i,hi,B
Keshi,2,i,hi,K
Mamata,2,a,ta,M
Radhavallabh,1,h,bh,R
Suhaila,2,a,la,S
Anandamayi,2,i,yi,A
Risha,2,a,ha,R
Shaheen,1,n,en,S
Kandarpa,1,a,pa,K
Vanamala,2,a,la,V
Kshamya,2,a,ya,K
Tushar,1,r,ar,T
Hirendra,1,a,ra,H
Aaina,2,a,na,A
Tusharkana,2,a,na,T
Virendra,1,a,ra,V
Tripurari,1,i,ri,T
Nabarun,1,n,un,N
Pugalendhi,1,i,hi,P
Kriday,1,y,ay,K
Pradeep,1,p,ep,P
Jaimini,1,i,ni,J
Kamalakshi,2,i,hi,K
Bahula,2,a,la,B
Joel,2,l,el,J
"Bhagyawati, Bhagyashree",2,e,ee,B
Thakur,1,r,ur,T
Madhur,1,r,ur,M
Siddhi,2,i,hi,S
Nauka,1,a,ka,N
Vindhyavasini,2,i,ni,V
Devasmitha,2,a,ha,D
Ponnan,1,n,an,P
Buddhapriya,1,a,ya,B
Aravali,1,i,li,A
Vishwamitra,1,a,ra,V
Bhagya,2,a,ya,B
Sucharita,2,a,ta,S
Gayak,1,k,ak,G
Abhisumat,1,t,at,A
Yadunandan,1,n,an,Y
Narinder,1,r,er,N
Ishana,1,a,na,I
Kavana,2,a,na,K
Gopesh,1,h,sh,G
Omana,2,a,na,O
Mannath,1,h,th,M
Padminish,1,h,sh,P
Sadiq,1,q,iq,S
Ratnaprabha,2,a,ha,R
Susita,2,a,ta,S
Nandika,2,a,ka,N
Sunila,2,a,la,S
Devina,2,a,na,D
Bhagirathi,2,i,hi,B
Disha,2,a,ha,D
"Agasti, Agastya",1,a,ya,A
Shyamasri,2,i,ri,S
Pulish,1,h,sh,P
Laboni,2,i,ni,L
Nabhi,2,i,hi,N
Badal,1,l,al,B
Rohini,2,i,ni,R
Kalabjari,2,i,ri,K
Niverta,2,a,ta,N
Chaitanya,1,a,ya,C
Mitali,2,i,li,M
Deepesh,1,h,sh,D
Prem,1,m,em,P
Gunjan,2,n,an,G
Ebadaah,1,h,ah,E
Sarvesh,1,h,sh,S
Alok,1,k,ok,A
Naag,1,g,ag,N
Shravanti,2,i,ti,S
Abhinandana,1,a,na,A
Sadashiva,1,a,va,S
Parashuram,1,m,am,P
Jasbeer,1,r,er,J
Indushekhar,1,r,ar,I
Vanathi,2,i,hi,V
Gandhar,1,r,ar,G
Bhavani,2,i,ni,B
Niti,2,i,ti,N
Arpita,2,a,ta,A
Mahika,2,a,ka,M
Shukla,2,a,la,S
Kanmani,2,i,ni,K
Kshipa,2,a,pa,K
Nadish,1,h,sh,N
Malliga,2,a,ga,M
Kusumlata,2,a,ta,K
Khushal,1,l,al,K
Baanbhatt,1,t,tt,B
Kiruba,2,a,ba,K
Yajnadhar,1,r,ar,Y
Kuvar,1,r,ar,K
Aashi,2,i,hi,A
Shivendra,1,a,ra,S
Satyajit,1,t,it,S
Naveena,2,a,na,N
Fateen,1,n,en,F
Vamadeva,1,a,va,V
Semanti,2,i,ti,S
Rupi,2,i,pi,R
Ekansh,1,h,sh,E
Vanadurga,2,a,ga,V
Vibhavari,2,i,ri,V
Gandhari,2,i,ri,G
Obalesh,1,h,sh,O
Hena,2,a,na,H
Oviya,2,a,ya,O
Shilpita,2,a,ta,S
Rachna,2,a,na,R
Ijaya,2,a,ya,I
Marya,2,a,ya,M
Gomati,2,i,ti,G
Ilesh,1,h,sh,I
Hemanti,2,i,ti,H
Jogaraja,1,a,ja,J
Orpita,2,a,ta,O
Himachal,1,l,al,H
Maushmi,2,i,mi,M
Basistha,1,a,ha,B
Taran,1,n,an,T
Mahindra,1,a,ra,M
Shripad,1,d,ad,S
Krithi,2,i,hi,K
Rajnandhini,2,i,ni,R
Garisht,1,t,ht,G
Grihalakshmi,2,i,mi,G
Aalap,1,p,ap,A
Agrata,2,a,ta,A
Manal,2,l,al,M
Thirugnanam,1,m,am,T
Tatini,2,i,ni,T
Nishithini,2,i,ni,N
Edi,1,i,di,E
Sajili,2,i,li,S
Padmavati,2,i,ti,P
Ojaswini,2,i,ni,O
Nilakshi,2,i,hi,N
Navina,2,a,na,N
Satindra,1,a,ra,S
Tanmay,1,y,ay,T
Prateeksha,2,a,ha,P
Sujit,1,t,it,S
Noor,2,r,or,N
Sadhri,2,i,ri,S
Ronak,1,k,ak,R
Vagisa,1,a,sa,V
Praveen,1,n,en,P
Priyam,2,m,am,P
Lakshan,1,n,an,L
Vajradhar,1,r,ar,V
Siddheshwar,1,r,ar,S
Fanish,1,h,sh,F
Kampana,2,a,na,K
Jeeval,2,l,al,J
Nithilan,1,n,an,N
Dahana,1,a,na,D
Neer,1,r,er,N
Shesh,1,h,sh,S
Sana,2,a,na,S
Ekadant,1,t,nt,E
Sonali,2,i,li,S
Taraksh,1,h,sh,T
Prasenjit,1,t,it,P
Aakaanksha,2,a,ha,A
Kanttadhara,2,a,ra,K
Nabhitha,2,a,ha,N
Idris,1,s,is,I
Devangana,2,a,na,D
Sumita,2,a,ta,S
Sukeshi,2,i,hi,S
Iyalisai,2,i,ai,I
Lalitkumar,1,r,ar,L
Saraswati,2,i,ti,S
Mullai,2,i,ai,M
Nabhij,1,j,ij,N
Sainath,1,h,th,S
Shrikumar,1,r,ar,S
Abhinithi,2,i,hi,A
Pujya,2,a,ya,P
Jaishankar,1,r,ar,J
Kanhaiyalal,1,l,al,K
Muskan,2,n,an,M
Saeeda,2,a,da,S
Vanani,2,i,ni,V
Amitiyoti,1,i,ti,A
Salim,1,m,im,S
Mohitha,2,a,ha,M
Shivani,2,i,ni,S
Sanatan,1,n,an,S
Sudipta,2,a,ta,S
"Ujjwala, Ujjala",2,a,la,U
Nirmohi,1,i,hi,N
Salil,1,l,il,S
Ladli,2,i,li,L
Jyeshtha,2,a,ha,J
Aruna,2,a,na,A
Yashila,2,a,la,Y
Ela,2,a,la,E
Trilokesh,1,h,sh,T
Rajat,1,t,at,R
Kalidas,1,s,as,K
Ojal,2,l,al,O
Sunandita,2,a,ta,S
Faris,1,s,is,F
Indukanta,1,a,ta,I
Maandhata,1,a,ta,M
Panmoli,1,i,li,P
Sanwari,2,i,ri,S
Ehimaya,2,a,ya,E
Zeenat,2,t,at,Z
Eashan,1,n,an,E
Nityagopal,1,l,al,N
Veena,2,a,na,V
sowmya,2,a,ya,s
Akmal,1,l,al,A
Namish,1,h,sh,N
Jaldev,1,v,ev,J
Taizeen,1,n,en,T
Adhishree,2,e,ee,A
Pranidhi,2,i,hi,P
Kamalnayan,1,n,an,K
Lalitmohan,1,n,an,L
Shaan,1,n,an,S
Pakshalika,2,a,ka,P
Chandratha,1,a,ha,C
Tausiq,1,q,iq,T
Rama,2,a,ma,R
Avadhesh,1,h,sh,A
Swaminath,1,h,th,S
Agha,1,a,ha,A
Shiromani,1,i,ni,S
Satvamohan,1,n,an,S
Ishrat,2,t,at,I
Indumat,1,t,at,I
Shamindra,1,a,ra,S
Sharanya,2,a,ya,S
Naaz,2,z,az,N
Lingesan,1,n,an,L
Yamika,2,a,ka,Y
Madura,2,a,ra,M
Madhulika,2,a,ka,M
Mahua,2,a,ua,M
Jasamit,1,t,it,J
Madanagopala,1,a,la,M
Zikomo,1,o,mo,Z
Swami,1,i,mi,S
Idhika,2,a,ka,I
Vishesh,1,h,sh,V
Ankur,1,r,ur,A
Sutejas,1,s,as,S
Ratnali,2,i,li,R
Tarakeshwari,2,i,ri,T
Falak,1,k,ak,F
Pranav,1,v,av,P
Kirtmalini,2,i,ni,K
Alisha,2,a,ha,A
Kaumudi,2,i,di,K
Haridas,1,s,as,H
Parvesh,1,h,sh,P
Madri,2,i,ri,M
Adway,1,y,ay,A
Samudragupta,1,a,ta,S
Mausami,2,i,mi,M
Neelanjana,2,a,na,N
Sammath,1,h,th,S
Arivumani,1,i,ni,A
Anuva,2,a,va,A
Gauhar,2,r,ar,G
Hariprasad,1,d,ad,H
Abhra,1,a,ra,A
Sayeeda,2,a,da,S
Sharadchandra,1,a,ra,S
Chanchala,2,a,la,C
Prabal,1,l,al,P
Avantika,2,a,ka,A
Jai,1,i,ai,J
Omja,1,a,ja,O
Madhupuspa,1,a,pa,M
Neelkanta,1,a,ta,N
Mani,1,i,ni,M
Gandesha,1,a,ha,G
Oni,2,i,ni,O
Hamir,1,r,ir,H
Kamraj,1,j,aj,K
Supratik,1,k,ik,S
Madhukanta,1,a,ta,M
Swayambhu,1,u,hu,S
Tarulata,2,a,ta,T
Ushashi,2,i,hi,U
Bandana,2,a,na,B
Sheela,2,a,la,S
Darpana,2,a,na,D
Kanti,2,i,ti,K
Malay,1,y,ay,M
Maalolan,1,n,an,M
Ziana,2,a,na,Z
Gaurinath,1,h,th,G
"Animish, Animesh",1,h,sh,A
Anintika,2,a,ka,A
Arvind,1,d,nd,A
Payas,1,s,as,P
Devanand,1,d,nd,D
Kanad,1,d,ad,K
Lumbika,2,a,ka,L
Nayana,2,a,na,N
Nirmalya,1,a,ya,N
Radheya,1,a,ya,R
Kusumanjali,2,i,li,K
Sarala,2,a,la,S
Soorat,2,t,at,S
Arivumadhi,1,i,hi,A
Rehmat,1,t,at,R
Satyavati,2,i,ti,S
Chitta,1,a,ta,C
Kamya,2,a,ya,K
Kalindi,2,i,di,K
Manasi,2,i,si,M
Abhijvala,1,a,la,A
Subbarao,1,o,ao,S
Indradhwaja Samabahudharini,2,i,ni,I
Kularanjan,1,n,an,K
Japa,1,a,pa,J
Balaji,1,i,ji,B
Yadavaprakasa,1,a,sa,Y
Gandhali,2,i,li,G
Selvakumaran,1,n,an,S
Harimanti,2,i,ti,H
Amil,1,l,il,A
Manuj,1,j,uj,M
Patmanjari,2,i,ri,P
Ucchal,2,l,al,U
Kaanan,1,n,an,K
Swetaketu,1,u,tu,S
Lakshmikanta,1,a,ta,L
Yajnesh,1,h,sh,Y
Jaabir,1,r,ir,J
Kapil,1,l,il,K
Arham,1,m,am,A
Bansilal,1,l,al,B
Anwesha,2,a,ha,A
Anchita,2,a,ta,A
Laksha,2,a,ha,L
Kalapriya,1,a,ya,K
Vrajesh,1,h,sh,V
Trishna,2,a,na,T
Bala,2,a,la,B
Harilal,1,l,al,H
Akul,1,l,ul,A
Sarakshi,2,i,hi,S
Shriram,1,m,am,S
Vyanjana,2,a,na,V
Arijit,1,t,it,A
Kuberchand,1,d,nd,K
Sulekh,1,h,kh,S
Savar,1,r,ar,S
Nadia,2,a,ia,N
Ratan,1,n,an,R
Shatrunjay,1,y,ay,S
Chandraja,2,a,ja,C
Minu,2,u,nu,M
Ganaraj,1,j,aj,G
Kusuma,2,a,ma,K
Perumal,1,l,al,P
Shridhar,1,r,ar,S
Latafat,1,t,at,L
Achal,1,l,al,A
Timirbaran,1,n,an,T
Kankana,2,a,na,K
Fawaz,1,z,az,F
Pulak,2,k,ak,P
Gool,2,l,ol,G
Ekisha,2,a,ha,E
Danna,2,a,na,D
Dulal,1,l,al,D
Malavika,2,a,ka,M
Thinakaran,1,n,an,T
Yaamoli,2,i,li,Y
Deepak,1,k,ak,D
Aarini,2,i,ni,A
Karunashankar,1,r,ar,K
Khyati,2,i,ti,K
Krishna,1,a,na,K
Mahendra,1,a,ra,M
Sarika,2,a,ka,S
Parvati,2,i,ti,P
Mrityunjay,1,y,ay,M
Basanti,2,i,ti,B
Sanket,1,t,et,S
Aishwarya,2,a,ya,A
Kapish,1,h,sh,K
Devya,1,a,ya,D
Sadeepan,1,n,an,S
Nakula,2,a,la,N
Vajresh,1,h,sh,V
Manda,2,a,da,M
Patralekha,2,a,ha,P
Yudhajit,1,t,it,Y
Enakshi,2,i,hi,E
Nandini,2,i,ni,N
Suparna,1,a,na,S
Atreyi,2,i,yi,A
Pulak,1,k,ak,P
Tana,1,a,na,T
Nalinaksha,1,a,ha,N
Amit,1,t,it,A
Pragyawati,2,i,ti,P
Kashi,2,i,hi,K
Pranaya,2,a,ya,P
Palanisami,1,i,mi,P
Harigopal,1,l,al,H
Niral,1,l,al,N
Mahabahu,1,u,hu,M
Hafiza,2,a,za,H
Shivesh,1,h,sh,S
Hrishikesh,1,h,sh,H
Yogisa,1,a,sa,Y
"Janamejay, Janardan",1,n,an,J
Nayonika,2,a,ka,N
Parthapratim,1,m,im,P
Agharna,1,a,na,A
Gaurang,1,g,ng,G
Thooyavan,1,n,an,T
Anuga,2,a,ga,A
Prachetas,1,s,as,P
Sharika,2,a,ka,S
Rasna,2,a,na,R
Irya,1,a,ya,I
Mehbooba,2,a,ba,M
"Chintan, Chintana, Chintanika",2,a,ka,C
Tara,2,a,ra,T
Vasundhara,2,a,ra,V
Naitik,1,k,ik,N
Jaidev,1,v,ev,J
Maliha,2,a,ha,M
Saatatya,1,a,ya,S
Bimal,1,l,al,B
Rima,2,a,ma,R
Avinashi,2,i,hi,A
Jagadev,1,v,ev,J
Kalap,1,p,ap,K
Mahakali,2,i,li,M
Jawahar,1,r,ar,J
Kushanu,1,u,nu,K
Shejali,2,i,li,S
Reena,2,a,na,R
Rangith,1,h,th,R
Dhwani,1,i,ni,D
Kunjana,2,a,na,K
Sahay,1,y,ay,S
Hussain,1,n,in,H
Ruma,2,a,ma,R
Vivekananda,1,a,da,V
Uttara,2,a,ra,U
Ibha,2,a,ha,I
Mandra,2,a,ra,M
Sadhika,2,a,ka,S
Lajwati,2,i,ti,L
Tuhina,2,a,na,T
Abhisoka,1,a,ka,A
Olichudar,2,r,ar,O
Nilasha,2,a,ha,N
Kailashnath,1,h,th,K
Eshwardutt,1,t,tt,E
"Jogindra, Joginder",1,r,er,J
Sohalia,2,a,ia,S
Meeta,2,a,ta,M
Edha,2,a,ha,E
Ahilan,1,n,an,A
Kirti,2,i,ti,K
Lily,2,y,ly,L
Purandhri,2,i,ri,P
Samika,2,a,ka,S
Muktananda,1,a,da,M
Prithviraj,1,j,aj,P
Kuja,2,a,ja,K
Idhant,1,t,nt,I
Harishankar,1,r,ar,H
Anasuya,2,a,ya,A
Syon,1,n,on,S
Vrajabala,2,a,la,V
Anala,2,a,la,A
Manya,2,a,ya,M
Kanakavathi,2,i,hi,K
Ruth,2,h,th,R
Archana,2,a,na,A
